EmployeeID,Department,Role,Gender,Age,Location,HireDate,TerminationDate,TerminationReason,MonthlySalaryPKR,PerformanceRating,PromotionCount,LastPromotionDate,Education,ManagerID,TenureMonths,CurrentStatus,HireYear,TerminationYear,EmployeeName,AgeGroup,PerformanceRank,Top10Employee
10000,Engineering,Tech Lead,Female,36,Lahore,2024-05-05,,,97235,2,1,2029-01-10,Bachelors,11296.0,15,Active,2024,,Shahid Shah,36-45,4,Yes
10001,Product,Product Manager,Female,31,Karachi,2012-07-01,,,85317,3,0,,Bachelors,11162.0,159,Active,2012,,Shahid Aslam,26-35,3,Yes
10002,Marketing,Marketing Specialist,Male,34,Islamabad,2010-07-24,2012-06-21,Voluntary,110210,4,1,2014-04-13,Masters,10441.0,23,Terminated,2010,2012.0,Maria Malik,26-35,2,Yes
10003,Customer Success,CS Manager,Male,28,Karachi,2016-03-03,,,79497,3,0,,Bachelors,10451.0,114,Active,2016,,Salman Butt,26-35,3,Yes
10004,HR,HR Manager,Male,34,Karachi,2015-06-30,,,51734,4,0,,Masters,10245.0,122,Active,2015,,Fatima Ahmed,26-35,2,Yes
10005,Engineering,QA Engineer,Male,38,Lahore,2015-01-03,,,69522,3,0,,Masters,10147.0,128,Active,2015,,Fatima Shah,36-45,3,Yes
10006,HR,HR Manager,Male,26,Karachi,2013-02-17,,,61754,4,0,,Bachelors,11453.0,151,Active,2013,,Fatima Siddiqui,26-35,2,Yes
10007,Operations,Operations Manager,Male,28,Karachi,2012-04-19,,,101954,4,0,,Masters,10741.0,161,Active,2012,,Bilal Chaudhry,26-35,2,Yes
10008,Engineering,Software Engineer,Male,29,Lahore,2022-03-26,,,102218,3,0,,Bachelors,10682.0,40,Active,2022,,Imran Yousaf,26-35,3,Yes
10009,Customer Success,CS Manager,Male,28,Karachi,2011-12-14,,,108949,5,0,,Bachelors,11321.0,165,Active,2011,,Imran Sheikh,26-35,1,Yes
10010,Customer Success,CS Manager,Male,28,Karachi,2023-03-31,,,127046,2,0,,Masters,11286.0,28,Active,2023,,Ayesha Raza,26-35,4,Yes
10011,Finance,Finance Manager,Female,29,Lahore,2019-06-19,,,89889,3,1,2024-01-10,Diploma,11284.0,74,Active,2019,,Salman Shah,26-35,3,Yes
10012,Sales,Account Executive,Male,24,Lahore,2010-09-18,,,111840,3,0,,Bachelors,10635.0,181,Active,2010,,Ali Zafar,≤25,3,Yes
10013,Finance,Financial Analyst,Male,23,Remote,2010-09-02,2012-10-10,Involuntary,93937,3,3,2014-04-06,Bachelors,,25,Terminated,2010,2012.0,Adnan Javed,≤25,3,Yes
10014,Customer Success,CS Manager,Male,38,Remote,2012-02-07,,,93427,3,0,,Bachelors,10126.0,164,Active,2012,,Fatima Farooq,36-45,3,Yes
10015,Finance,Accountant,Female,25,Karachi,2014-11-27,,,58334,1,0,,Masters,,130,Active,2014,,Ayesha Shah,≤25,5,Yes
10016,Marketing,Marketing Manager,Male,29,Lahore,2015-03-21,,,111142,3,0,,Bachelors,11292.0,126,Active,2015,,Adnan Shah,26-35,3,Yes
10017,Operations,Operations Associate,Male,25,Lahore,2021-05-02,,,92689,3,1,2026-01-05,Diploma,10307.0,51,Active,2021,,Bilal Malik,≤25,3,Yes
10018,Sales,Sales Manager,Female,37,Remote,2023-07-03,,,107755,4,1,2028-03-19,Bachelors,10173.0,25,Active,2023,,Zara Raza,36-45,2,Yes
10019,Sales,Account Executive,Female,31,Karachi,2010-08-06,2022-06-26,Voluntary,77530,4,0,,Bachelors,10632.0,144,Terminated,2010,2022.0,Salman Shah,26-35,2,Yes
10020,Engineering,Senior Engineer,Male,35,Islamabad,2022-08-03,,,119511,5,0,,Bachelors,10207.0,36,Active,2022,,Hamza Yousaf,26-35,1,Yes
10021,Finance,Finance Manager,Female,31,Remote,2014-06-17,2018-04-26,Retirement,81792,4,0,,Bachelors,10370.0,46,Terminated,2014,2018.0,Ali Raza,26-35,2,Yes
10022,Customer Success,CS Manager,Female,38,Karachi,2024-07-29,,,117125,4,1,2028-01-24,Masters,10919.0,12,Active,2024,,Zara Khan,36-45,2,Yes
10023,Sales,Sales Rep,Male,35,Remote,2022-03-23,,,77098,4,1,2025-04-14,Masters,10902.0,40,Active,2022,,Sana Farooq,26-35,2,Yes
10024,Finance,Accountant,Female,32,Lahore,2019-05-30,,,121293,2,0,,Bachelors,10512.0,75,Active,2019,,Hina Sheikh,26-35,4,Yes
10025,Engineering,QA Engineer,Female,30,Lahore,2014-12-11,2024-07-05,Voluntary,98783,2,0,,Bachelors,10920.0,116,Terminated,2014,2024.0,Adnan Khan,26-35,4,Yes
10026,Product,Product Manager,Female,33,Karachi,2020-01-28,,,84020,4,0,,Masters,,67,Active,2020,,Nadia Zafar,26-35,2,Yes
10027,HR,Recruiter,Male,39,Karachi,2023-03-21,,,90380,3,0,,Bachelors,,28,Active,2023,,Hassan Malik,36-45,3,Yes
10028,Customer Success,CS Associate,Female,43,Karachi,2016-03-28,,,79635,4,0,,Masters,11444.0,113,Active,2016,,Maria Qureshi,36-45,2,Yes
10029,Finance,Finance Manager,Male,31,Karachi,2010-02-23,,,81463,4,0,,Bachelors,11080.0,187,Active,2010,,Maria Raza,26-35,2,Yes
10030,HR,Recruiter,Male,39,Karachi,2013-07-31,,,96575,4,1,2018-01-26,Bachelors,11023.0,146,Active,2013,,Bilal Bhatti,36-45,2,Yes
10031,Marketing,Marketing Specialist,Female,33,Lahore,2019-06-25,,,109373,3,2,2020-06-27,Masters,10853.0,74,Active,2019,,Nadia Butt,26-35,3,Yes
10032,Engineering,Software Engineer,Male,31,Lahore,2017-08-19,,,92643,3,0,,Masters,10041.0,96,Active,2017,,Shahid Siddiqui,26-35,3,Yes
10033,HR,Recruiter,Male,35,Lahore,2016-03-26,,,95221,4,0,,Bachelors,10493.0,113,Active,2016,,Imran Malik,26-35,2,Yes
10034,Customer Success,CS Manager,Female,21,Islamabad,2013-06-27,,,96910,1,0,,Bachelors,10358.0,147,Active,2013,,Nadia Raza,≤25,5,Yes
10035,Customer Success,CS Associate,Female,30,Lahore,2014-10-30,,,73954,2,1,2019-11-04,Masters,10600.0,130,Active,2014,,Ayesha Chaudhry,26-35,4,Yes
10036,Engineering,Senior Engineer,Female,46,Karachi,2017-07-20,,,103492,3,0,,Masters,10074.0,97,Active,2017,,Fatima Malik,46-55,3,Yes
10037,Customer Success,CS Manager,Male,32,Remote,2012-04-17,2019-10-27,Voluntary,56530,4,0,,Bachelors,10900.0,91,Terminated,2012,2019.0,Shahid Yousaf,26-35,2,Yes
10038,Product,Product Analyst,Male,33,Karachi,2012-01-30,,,139265,3,0,,Masters,10169.0,164,Active,2012,,Imran Aslam,26-35,3,Yes
10039,Operations,Operations Associate,Male,36,Multicity,2018-07-10,,,84819,3,0,,Bachelors,10605.0,85,Active,2018,,Hassan Iftikhar,36-45,3,Yes
10040,Sales,Sales Manager,Female,32,Karachi,2012-03-03,,,66626,3,1,2017-03-30,Masters,10890.0,163,Active,2012,,Bilal Yousaf,26-35,3,Yes
10041,Sales,Sales Rep,Male,40,Islamabad,2018-01-19,,,105039,4,0,,Masters,,91,Active,2018,,Fatima Farooq,36-45,2,Yes
10042,Engineering,DevOps Engineer,Female,27,Lahore,2017-09-18,2020-06-10,Involuntary,127680,3,0,,Bachelors,11239.0,33,Terminated,2017,2020.0,Omar Anwar,26-35,3,Yes
10043,Engineering,QA Engineer,Female,37,Lahore,2023-07-17,,,143809,3,0,,Bachelors,11330.0,24,Active,2023,,Fatima Malik,36-45,3,Yes
10044,Sales,Sales Rep,Male,29,Karachi,2015-12-07,,,108463,5,0,,Bachelors,11441.0,117,Active,2015,,Zara Sheikh,26-35,1,Yes
10045,Finance,Finance Manager,Male,33,Remote,2010-12-22,,,79930,2,1,2012-05-21,Bachelors,10911.0,177,Active,2010,,Salman Zafar,26-35,4,Yes
10046,Product,Product Analyst,Female,22,Islamabad,2020-04-21,,,91371,3,0,,Bachelors,11453.0,64,Active,2020,,Hassan Hussain,≤25,3,Yes
10047,Product,Product Manager,Female,36,Lahore,2022-01-10,,,71706,3,0,,Bachelors,10053.0,43,Active,2022,,Adnan Iftikhar,36-45,3,Yes
10048,Sales,Sales Manager,Male,27,Remote,2012-10-19,,,83559,4,2,2014-04-13,Bachelors,11468.0,155,Active,2012,,Hina Aslam,26-35,2,Yes
10049,Operations,Operations Manager,Female,40,Remote,2018-06-28,2022-02-15,Involuntary,100529,3,0,,Masters,11129.0,44,Terminated,2018,2022.0,Bilal Qureshi,36-45,3,Yes
10050,Operations,Operations Associate,Female,21,Karachi,2011-10-08,,,93693,4,0,,Masters,10622.0,168,Active,2011,,Shahid Chaudhry,≤25,2,Yes
10051,Engineering,Tech Lead,Female,22,Karachi,2022-05-20,,,123815,3,0,,Bachelors,10402.0,38,Active,2022,,Zara Qureshi,≤25,3,Yes
10052,Operations,Operations Manager,Male,36,Karachi,2016-07-29,,,95940,3,2,2018-07-09,Bachelors,10350.0,109,Active,2016,,Omar Raza,36-45,3,Yes
10053,Operations,Operations Manager,Female,34,Lahore,2024-02-06,,,106948,1,0,,Bachelors,11181.0,18,Active,2024,,Hina Javed,26-35,5,Yes
10054,Sales,Sales Rep,Female,35,Lahore,2023-11-15,,,75713,3,0,,Masters,10618.0,20,Active,2023,,Nadia Javed,26-35,3,Yes
10055,Finance,Finance Manager,Male,34,Lahore,2018-02-10,,,65663,2,1,2021-06-10,Bachelors,11242.0,90,Active,2018,,Sana Bhatti,26-35,4,Yes
10056,Engineering,Tech Lead,Female,38,Remote,2022-12-13,,,80910,2,0,,Bachelors,10653.0,32,Active,2022,,Sana Malik,36-45,4,Yes
10057,Sales,Sales Rep,Male,41,Karachi,2014-04-25,2017-08-25,Contract End,73586,4,0,,Bachelors,,40,Terminated,2014,2017.0,Fatima Yousaf,36-45,2,Yes
10058,Product,Product Analyst,Female,35,Islamabad,2011-07-24,,,108811,2,0,,Diploma,10631.0,170,Active,2011,,Maria Malik,26-35,4,Yes
10059,Finance,Financial Analyst,Female,31,Lahore,2011-01-11,,,74925,3,0,,Bachelors,11013.0,177,Active,2011,,Salman Shah,26-35,3,Yes
10060,Marketing,Marketing Manager,Female,39,Karachi,2024-10-31,2024-12-27,Voluntary,85208,4,0,,Masters,10749.0,1,Terminated,2024,2024.0,Maria Yousaf,36-45,2,Yes
10061,Engineering,Software Engineer,Female,33,Karachi,2015-02-10,,,129071,2,0,,Bachelors,10572.0,127,Active,2015,,Hina Farooq,26-35,4,Yes
10062,Customer Success,CS Manager,Male,23,Karachi,2016-06-28,,,89309,5,1,2020-08-13,Diploma,10407.0,110,Active,2016,,Amna Siddiqui,≤25,1,Yes
10063,Marketing,SEO Analyst,Male,33,Karachi,2011-10-16,2019-05-05,Involuntary,87255,3,0,,Bachelors,10286.0,91,Terminated,2011,2019.0,Adnan Sheikh,26-35,3,Yes
10064,Sales,Sales Manager,Male,31,Lahore,2015-03-23,,,104280,4,0,,Bachelors,11043.0,126,Active,2015,,Hassan Siddiqui,26-35,2,Yes
10065,Marketing,Marketing Manager,Female,32,Lahore,2012-04-07,2019-10-11,Involuntary,104807,5,3,2016-07-15,Bachelors,11409.0,91,Terminated,2012,2019.0,Maria Nawaz,26-35,1,Yes
10066,Operations,Operations Manager,Male,40,Islamabad,2018-07-11,,,83157,3,0,,Bachelors,10983.0,85,Active,2018,,Omar Siddiqui,36-45,3,Yes
10067,Engineering,DevOps Engineer,Female,34,Lahore,2016-03-27,,,75085,3,1,2020-06-11,Diploma,10038.0,113,Active,2016,,Zara Khan,26-35,3,Yes
10068,Finance,Accountant,Male,26,Islamabad,2020-03-03,,,93075,4,0,,Diploma,11489.0,65,Active,2020,,Mahnoor Butt,26-35,2,Yes
10069,Engineering,Senior Engineer,Male,40,Lahore,2024-04-04,,,101027,3,1,2027-05-15,Bachelors,11091.0,16,Active,2024,,Imran Aslam,36-45,3,Yes
10070,Sales,Account Executive,Female,26,Remote,2018-03-08,,,117640,4,0,,Bachelors,10504.0,90,Active,2018,,Mahnoor Farooq,26-35,2,Yes
10071,Sales,Account Executive,Male,36,Multicity,2013-08-25,,,100276,3,2,2015-10-23,Masters,10982.0,145,Active,2013,,Fatima Malik,36-45,3,Yes
10072,Sales,Sales Manager,Male,43,Karachi,2018-04-21,,,90146,3,0,,Diploma,10299.0,88,Active,2018,,Hamza Malik,36-45,3,Yes
10073,Sales,Account Executive,Female,39,Karachi,2017-12-20,,,103028,4,1,2023-02-27,Bachelors,11103.0,92,Active,2017,,Hassan Aslam,36-45,2,Yes
10074,Sales,Sales Manager,Female,27,Karachi,2014-09-13,,,85264,3,0,,Bachelors,11087.0,132,Active,2014,,Mahnoor Raza,26-35,3,Yes
10075,Sales,Sales Rep,Male,32,Lahore,2015-12-28,,,79307,2,0,,Masters,11127.0,116,Active,2015,,Fatima Khan,26-35,4,Yes
10076,Product,Product Manager,Male,37,Remote,2024-07-14,,,57746,3,0,,Bachelors,,12,Active,2024,,Ali Nawaz,36-45,3,Yes
10077,Sales,Sales Manager,Male,26,Islamabad,2011-08-08,,,83304,3,0,,Masters,10076.0,170,Active,2011,,Hassan Anwar,26-35,3,Yes
10078,Product,Product Manager,Male,27,Remote,2023-08-31,,,103592,1,0,,Masters,10381.0,23,Active,2023,,Ayesha Chaudhry,26-35,5,Yes
10079,Product,Product Analyst,Female,49,Karachi,2024-03-29,,,126868,2,0,,Diploma,11313.0,16,Active,2024,,Nadia Chaudhry,46-55,4,Yes
10080,Marketing,SEO Analyst,Female,21,Karachi,2013-11-02,,,93729,3,1,2015-06-20,Bachelors,11327.0,143,Active,2013,,Sana Chaudhry,≤25,3,Yes
10081,Sales,Sales Rep,Male,27,Karachi,2021-12-24,,,87705,4,0,,Bachelors,11308.0,43,Active,2021,,Bilal Butt,26-35,2,Yes
10082,Product,Product Analyst,Male,27,Karachi,2015-06-29,,,123226,2,0,,Bachelors,10508.0,122,Active,2015,,Omar Bhatti,26-35,4,Yes
10083,Engineering,QA Engineer,Male,29,Islamabad,2013-08-31,,,86933,3,0,,Masters,11338.0,145,Active,2013,,Omar Raza,26-35,3,Yes
10084,Sales,Sales Rep,Male,39,Karachi,2020-05-14,,,115328,3,0,,Bachelors,11440.0,63,Active,2020,,Sana Malik,36-45,3,Yes
10085,Customer Success,CS Manager,Female,47,Remote,2018-07-06,,,110649,3,0,,Diploma,10931.0,86,Active,2018,,Ayesha Ahmed,46-55,3,Yes
10086,Customer Success,CS Associate,Male,27,Lahore,2016-01-21,,,64402,3,1,2020-10-11,Masters,11393.0,116,Active,2016,,Shahid Yousaf,26-35,3,Yes
10087,Customer Success,CS Manager,Male,31,Lahore,2024-05-09,,,127440,5,0,,Bachelors,11035.0,14,Active,2024,,Rabia Javed,26-35,1,Yes
10088,Engineering,DevOps Engineer,Male,21,Karachi,2022-06-29,,,79512,2,0,,Bachelors,10186.0,37,Active,2022,,Shahid Hussain,≤25,4,Yes
10089,Product,Product Analyst,Female,21,Lahore,2014-12-05,,,63996,3,0,,Bachelors,10631.0,129,Active,2014,,Bilal Nawaz,≤25,3,Yes
10090,Operations,Operations Manager,Male,29,Karachi,2017-04-10,,,92615,2,0,,Bachelors,11108.0,101,Active,2017,,Mahnoor Khan,26-35,4,Yes
10091,Product,Product Manager,Female,33,Lahore,2011-04-04,,,136960,2,1,2013-01-05,Masters,,174,Active,2011,,Hamza Nawaz,26-35,4,Yes
10092,Operations,Operations Manager,Male,31,Remote,2015-02-20,,,91218,5,0,,Bachelors,11355.0,127,Active,2015,,Adnan Aslam,26-35,1,Yes
10093,Product,Product Manager,Female,33,Karachi,2010-09-20,2022-11-07,Voluntary,103243,2,0,,Diploma,10046.0,147,Terminated,2010,2022.0,Hina Aslam,26-35,4,Yes
10094,Product,Product Analyst,Female,28,Lahore,2017-01-28,,,132226,4,0,,Bachelors,10564.0,103,Active,2017,,Fatima Chaudhry,26-35,2,Yes
10095,Engineering,Software Engineer,Male,31,Islamabad,2018-12-31,,,111766,5,2,2020-02-01,Bachelors,11216.0,80,Active,2018,,Nadia Sheikh,26-35,1,Yes
10096,Engineering,DevOps Engineer,Female,29,Remote,2016-01-03,,,104152,1,0,,Bachelors,10115.0,116,Active,2016,,Sana Khan,26-35,5,Yes
10097,Engineering,Tech Lead,Male,28,Remote,2011-06-27,,,116992,3,0,,Masters,10485.0,171,Active,2011,,Sana Zafar,26-35,3,Yes
10098,Sales,Sales Rep,Female,39,Lahore,2014-09-25,,,119051,3,1,2018-11-08,Diploma,10358.0,132,Active,2014,,Hassan Shah,36-45,3,Yes
10099,Operations,Operations Manager,Female,28,Karachi,2022-09-21,,,107535,4,0,,Bachelors,11426.0,34,Active,2022,,Rabia Nawaz,26-35,2,Yes
10100,HR,HR Specialist,Male,38,Karachi,2017-01-21,,,102207,3,1,2019-04-27,Bachelors,10948.0,103,Active,2017,,Fatima Siddiqui,36-45,3,Yes
10101,Product,Product Analyst,Female,41,Lahore,2014-10-08,2017-07-28,Voluntary,78169,3,0,,Bachelors,10759.0,34,Terminated,2014,2017.0,Nadia Siddiqui,36-45,3,Yes
10102,Engineering,Senior Engineer,Male,43,Lahore,2024-09-13,,,91210,1,1,2026-02-09,Bachelors,11483.0,10,Active,2024,,Nadia Khan,36-45,5,Yes
10103,Operations,Operations Associate,Male,33,Remote,2021-03-13,,,108619,5,1,2022-04-13,Bachelors,10240.0,53,Active,2021,,Amna Bhatti,26-35,1,Yes
10104,Customer Success,CS Associate,Female,31,Islamabad,2018-11-16,,,107079,3,0,,Bachelors,10579.0,81,Active,2018,,Amna Malik,26-35,3,Yes
10105,HR,HR Manager,Female,35,Karachi,2024-06-02,,,87397,4,1,2028-01-12,Bachelors,,14,Active,2024,,Amna Zafar,26-35,2,Yes
10106,Finance,Accountant,Female,27,Lahore,2020-04-16,,,131848,3,0,,Bachelors,10534.0,64,Active,2020,,Salman Hussain,26-35,3,Yes
10107,Marketing,Marketing Manager,Female,41,Lahore,2013-03-16,2020-09-07,Voluntary,66067,3,1,2015-08-01,Bachelors,11402.0,91,Terminated,2013,2020.0,Maria Anwar,36-45,3,Yes
10108,Sales,Account Executive,Female,28,Islamabad,2015-12-10,,,89824,2,0,,Masters,11475.0,117,Active,2015,,Adnan Chaudhry,26-35,4,Yes
10109,Marketing,Marketing Specialist,Female,39,Lahore,2013-02-17,,,87059,2,0,,Bachelors,11368.0,151,Active,2013,,Hina Javed,36-45,4,Yes
10110,Engineering,Software Engineer,Male,37,Remote,2015-07-14,,,127158,4,0,,Bachelors,10764.0,122,Active,2015,,Zara Aslam,36-45,2,Yes
10111,Engineering,DevOps Engineer,Female,34,Islamabad,2022-08-04,2024-12-23,Voluntary,89861,3,0,,Bachelors,,29,Terminated,2022,2024.0,Sana Shah,26-35,3,Yes
10112,Engineering,QA Engineer,Female,36,Remote,2022-02-02,,,117451,2,0,,Bachelors,11078.0,42,Active,2022,,Omar Qureshi,36-45,4,Yes
10113,Sales,Account Executive,Male,22,Lahore,2015-11-23,,,61851,3,3,2020-01-23,Bachelors,10614.0,117,Active,2015,,Shahid Aslam,≤25,3,Yes
10114,Operations,Operations Associate,Female,27,Remote,2023-02-10,,,85731,2,1,2026-03-27,Bachelors,11304.0,30,Active,2023,,Bilal Sheikh,26-35,4,Yes
10115,Engineering,Senior Engineer,Male,39,Remote,2019-08-11,,,96801,3,0,,Diploma,,72,Active,2019,,Shahid Siddiqui,36-45,3,Yes
10116,Product,Product Manager,Male,30,Remote,2023-02-02,,,89909,3,0,,Bachelors,,30,Active,2023,,Ali Qureshi,26-35,3,Yes
10117,Operations,Operations Manager,Female,35,Lahore,2018-12-16,2022-07-26,Voluntary,73455,3,1,2020-10-06,Masters,10815.0,43,Terminated,2018,2022.0,Bilal Javed,26-35,3,Yes
10118,Product,Product Analyst,Male,32,Karachi,2018-02-13,,,98034,3,0,,Masters,10286.0,90,Active,2018,,Hina Sheikh,26-35,3,Yes
10119,Customer Success,CS Manager,Male,30,Multicity,2014-12-02,2019-11-26,Voluntary,99154,2,1,2019-04-24,Masters,,60,Terminated,2014,2019.0,Zara Butt,26-35,4,Yes
10120,HR,Recruiter,Male,33,Karachi,2013-02-07,,,109670,3,1,2016-02-05,Bachelors,10380.0,151,Active,2013,,Rabia Qureshi,26-35,3,Yes
10121,Operations,Operations Manager,Male,36,Islamabad,2021-06-06,,,91087,4,0,,Bachelors,11457.0,50,Active,2021,,Ayesha Anwar,36-45,2,Yes
10122,Customer Success,CS Manager,Female,43,Karachi,2021-01-25,2021-03-06,Contract End,109185,3,0,,Masters,10178.0,1,Terminated,2021,2021.0,Nadia Zafar,36-45,3,Yes
10123,Engineering,QA Engineer,Female,41,Lahore,2012-01-15,2014-02-17,Voluntary,136322,2,1,2016-05-22,Masters,10025.0,25,Terminated,2012,2014.0,Salman Iftikhar,36-45,4,Yes
10124,Sales,Account Executive,Female,32,Islamabad,2011-01-21,,,109526,5,0,,Bachelors,11403.0,176,Active,2011,,Mahnoor Sheikh,26-35,1,Yes
10125,HR,HR Specialist,Male,27,Karachi,2012-06-17,2016-04-16,Voluntary,78012,3,0,,Bachelors,10515.0,46,Terminated,2012,2016.0,Imran Butt,26-35,3,Yes
10126,Product,Product Analyst,Female,40,Karachi,2013-06-06,2020-05-05,Voluntary,53797,3,0,,Masters,10674.0,84,Terminated,2013,2020.0,Ali Javed,36-45,3,Yes
10127,Finance,Accountant,Female,35,Remote,2024-01-28,,,127523,2,0,,Bachelors,,18,Active,2024,,Fatima Iftikhar,26-35,4,Yes
10128,Engineering,Tech Lead,Male,36,Lahore,2013-08-03,,,119410,4,0,,Masters,,146,Active,2013,,Ayesha Shah,36-45,2,Yes
10129,Customer Success,CS Associate,Male,23,Remote,2019-06-21,,,126629,2,2,2023-08-18,Bachelors,,74,Active,2019,,Ali Bhatti,≤25,4,Yes
10130,Engineering,DevOps Engineer,Male,32,Islamabad,2023-05-18,,,94356,3,2,2028-11-05,Bachelors,10837.0,26,Active,2023,,Usman Nawaz,26-35,3,Yes
10131,Operations,Operations Associate,Female,21,Karachi,2011-06-05,,,117077,4,3,2016-11-06,Bachelors,11224.0,172,Active,2011,,Shahid Ahmed,≤25,2,Yes
10132,Finance,Accountant,Male,21,Remote,2018-08-19,,,78012,3,0,,Bachelors,,84,Active,2018,,Salman Anwar,≤25,3,Yes
10133,Operations,Operations Associate,Male,34,Karachi,2018-07-24,,,96047,2,2,2022-12-29,Bachelors,,85,Active,2018,,Omar Nawaz,26-35,4,Yes
10134,Operations,Operations Manager,Female,29,Karachi,2023-05-14,,,102457,2,0,,Bachelors,11062.0,27,Active,2023,,Rabia Zafar,26-35,4,Yes
10135,Marketing,Marketing Manager,Female,23,Lahore,2020-07-01,,,100710,4,1,2024-10-18,Masters,10050.0,61,Active,2020,,Adnan Aslam,≤25,2,Yes
10136,Finance,Accountant,Male,27,Multicity,2021-11-13,2022-09-29,Voluntary,83923,3,1,2027-04-07,Bachelors,10975.0,10,Terminated,2021,2022.0,Usman Shah,26-35,3,Yes
10137,Engineering,QA Engineer,Male,33,Karachi,2015-08-22,,,131025,2,1,2018-07-24,Masters,10336.0,121,Active,2015,,Hassan Shah,26-35,4,Yes
10138,Product,Product Manager,Male,40,Lahore,2022-05-30,,,93322,3,0,,Bachelors,11289.0,38,Active,2022,,Hassan Yousaf,36-45,3,Yes
10139,Engineering,QA Engineer,Male,37,Islamabad,2010-04-05,,,127373,3,1,2013-08-31,Bachelors,10421.0,186,Active,2010,,Amna Yousaf,36-45,3,Yes
10140,Sales,Sales Manager,Female,40,Karachi,2012-07-27,2024-09-10,Voluntary,54825,3,0,,Bachelors,11002.0,147,Terminated,2012,2024.0,Bilal Siddiqui,36-45,3,Yes
10141,Marketing,Marketing Manager,Male,39,Lahore,2022-01-16,,,87258,2,0,,Bachelors,10353.0,43,Active,2022,,Hina Ahmed,36-45,4,Yes
10142,Customer Success,CS Associate,Female,43,Lahore,2015-12-26,,,91482,3,0,,Bachelors,10764.0,116,Active,2015,,Omar Malik,36-45,3,Yes
10143,Operations,Operations Manager,Male,39,Karachi,2024-05-17,,,96614,2,1,2028-12-08,Bachelors,,14,Active,2024,,Sana Farooq,36-45,4,Yes
10144,Product,Product Manager,Female,32,Lahore,2017-08-18,2021-03-28,Involuntary,105928,4,0,,Masters,,43,Terminated,2017,2021.0,Usman Hussain,26-35,2,Yes
10145,Finance,Financial Analyst,Female,35,Multicity,2012-07-02,,,89346,3,0,,Masters,10909.0,159,Active,2012,,Omar Farooq,26-35,3,Yes
10146,Finance,Financial Analyst,Female,40,Islamabad,2016-08-01,,,61176,1,0,,Bachelors,10936.0,109,Active,2016,,Ali Nawaz,36-45,5,Yes
10147,Marketing,SEO Analyst,Male,35,Karachi,2019-10-02,2023-12-12,Voluntary,71202,4,0,,Masters,10447.0,51,Terminated,2019,2023.0,Imran Sheikh,26-35,2,Yes
10148,Product,Product Manager,Female,38,Islamabad,2013-07-19,,,84186,4,0,,Bachelors,10178.0,146,Active,2013,,Ayesha Sheikh,36-45,2,Yes
10149,Finance,Financial Analyst,Female,26,Karachi,2020-03-05,,,100081,3,0,,Bachelors,11295.0,65,Active,2020,,Hamza Shah,26-35,3,Yes
10150,HR,HR Manager,Male,27,Karachi,2010-01-27,,,78819,2,0,,Bachelors,11103.0,188,Active,2010,,Ali Aslam,26-35,4,Yes
10151,Engineering,Tech Lead,Male,32,Karachi,2015-11-28,,,79295,5,0,,Masters,10842.0,117,Active,2015,,Rabia Yousaf,26-35,1,Yes
10152,Product,Product Analyst,Female,33,Karachi,2021-03-24,,,44344,3,1,2026-03-19,Bachelors,11384.0,53,Active,2021,,Zara Farooq,26-35,3,Yes
10153,HR,HR Specialist,Female,36,Karachi,2014-01-03,,,114093,3,0,,Masters,10190.0,140,Active,2014,,Zara Malik,36-45,3,Yes
10154,HR,HR Manager,Male,32,Remote,2021-05-21,,,85581,5,1,2024-03-21,Bachelors,10190.0,51,Active,2021,,Fatima Khan,26-35,1,Yes
10155,Customer Success,CS Associate,Female,29,Islamabad,2012-05-21,,,78484,4,0,,Bachelors,,160,Active,2012,,Ali Zafar,26-35,2,Yes
10156,Customer Success,CS Associate,Male,49,Remote,2024-01-10,,,83786,3,0,,Bachelors,10703.0,18,Active,2024,,Usman Qureshi,46-55,3,Yes
10157,Product,Product Manager,Male,44,Islamabad,2016-09-10,,,85019,1,0,,Diploma,10934.0,108,Active,2016,,Sana Aslam,36-45,5,Yes
10158,Engineering,QA Engineer,Male,38,Islamabad,2024-05-01,,,80241,4,1,2026-03-22,Masters,10191.0,15,Active,2024,,Sana Iftikhar,36-45,2,Yes
10159,Operations,Operations Manager,Male,26,Islamabad,2021-05-21,,,91590,2,0,,Masters,10479.0,51,Active,2021,,Usman Siddiqui,26-35,4,Yes
10160,HR,HR Specialist,Female,21,Karachi,2023-08-29,,,94069,2,0,,Bachelors,10019.0,23,Active,2023,,Sana Chaudhry,≤25,4,Yes
10161,Engineering,Tech Lead,Female,31,Multicity,2014-06-18,,,99044,2,0,,Bachelors,11496.0,135,Active,2014,,Sana Hussain,26-35,4,Yes
10162,Customer Success,CS Manager,Male,28,Remote,2013-06-06,2016-06-30,Involuntary,68369,4,0,,Bachelors,11249.0,37,Terminated,2013,2016.0,Hamza Siddiqui,26-35,2,Yes
10163,Operations,Operations Manager,Male,34,Karachi,2018-05-22,,,108211,5,1,2022-11-03,Masters,10177.0,87,Active,2018,,Salman Raza,26-35,1,Yes
10164,Product,Product Manager,Female,26,Lahore,2013-08-16,,,89934,5,0,,Bachelors,10567.0,145,Active,2013,,Adnan Zafar,26-35,1,Yes
10165,Operations,Operations Associate,Female,43,Islamabad,2022-02-05,,,100778,4,0,,Masters,11348.0,42,Active,2022,,Usman Malik,36-45,2,Yes
10166,Product,Product Manager,Male,30,Lahore,2021-11-23,,,76632,3,0,,Bachelors,10490.0,44,Active,2021,,Ali Bhatti,26-35,3,Yes
10167,Finance,Financial Analyst,Male,39,Islamabad,2010-01-05,2010-05-13,Contract End,128188,5,0,,Bachelors,11164.0,4,Terminated,2010,2010.0,Hina Chaudhry,36-45,1,Yes
10168,HR,HR Manager,Female,33,Islamabad,2023-06-08,,,92547,4,0,,Bachelors,10536.0,26,Active,2023,,Nadia Hussain,26-35,2,Yes
10169,Engineering,Software Engineer,Female,28,Lahore,2017-04-09,,,90257,4,0,,Masters,10823.0,101,Active,2017,,Imran Shah,26-35,2,Yes
10170,Engineering,DevOps Engineer,Male,27,Karachi,2020-12-16,2021-06-25,Voluntary,89097,3,1,2022-10-30,Bachelors,11299.0,6,Terminated,2020,2021.0,Maria Chaudhry,26-35,3,Yes
10171,Customer Success,CS Manager,Male,21,Lahore,2010-06-09,,,103693,3,1,2012-10-21,Bachelors,10928.0,184,Active,2010,,Maria Siddiqui,≤25,3,Yes
10172,Operations,Operations Associate,Male,35,Islamabad,2012-07-05,,,88302,2,2,2017-06-23,Bachelors,11016.0,159,Active,2012,,Ayesha Khan,26-35,4,Yes
10173,Product,Product Analyst,Male,36,Karachi,2018-02-21,,,70449,3,1,2019-10-20,Masters,10879.0,90,Active,2018,,Hassan Farooq,36-45,3,Yes
10174,Sales,Sales Rep,Male,21,Multicity,2016-11-24,,,100867,3,1,2020-10-05,Bachelors,11160.0,105,Active,2016,,Rabia Butt,≤25,3,Yes
10175,Engineering,Senior Engineer,Male,27,Karachi,2015-05-16,,,63902,4,0,,Bachelors,10090.0,124,Active,2015,,Fatima Chaudhry,26-35,2,Yes
10176,Legal,Legal Counsel,Male,29,Lahore,2011-04-20,,,83866,2,0,,Diploma,11132.0,173,Active,2011,,Usman Nawaz,26-35,4,Yes
10177,Customer Success,CS Associate,Male,37,Karachi,2015-05-28,,,56770,3,0,,Masters,10244.0,123,Active,2015,,Hina Anwar,36-45,3,Yes
10178,Finance,Financial Analyst,Male,52,Remote,2022-09-22,,,57780,5,0,,Bachelors,10578.0,34,Active,2022,,Sana Malik,46-55,1,Yes
10179,Customer Success,CS Associate,Male,26,Lahore,2011-10-08,2016-05-07,Voluntary,82309,4,0,,Masters,10754.0,55,Terminated,2011,2016.0,Ayesha Malik,26-35,2,Yes
10180,Marketing,SEO Analyst,Other,28,Islamabad,2011-12-03,,,105205,3,1,2017-05-20,Bachelors,10839.0,166,Active,2011,,Ali Hussain,26-35,3,Yes
10181,Engineering,DevOps Engineer,Male,27,Remote,2020-11-25,,,148677,5,0,,Bachelors,11489.0,57,Active,2020,,Mahnoor Shah,26-35,1,Yes
10182,Sales,Sales Rep,Male,37,Karachi,2011-07-21,,,85939,2,2,2013-05-07,Masters,10474.0,170,Active,2011,,Hamza Yousaf,36-45,4,Yes
10183,Product,Product Analyst,Female,34,Lahore,2021-12-12,,,91788,2,0,,Bachelors,10807.0,44,Active,2021,,Amna Khan,26-35,4,Yes
10184,Engineering,DevOps Engineer,Male,33,Islamabad,2012-10-27,2019-06-12,Voluntary,96886,3,0,,Masters,10668.0,80,Terminated,2012,2019.0,Ayesha Farooq,26-35,3,Yes
10185,Sales,Account Executive,Male,32,Remote,2012-11-17,2015-05-28,Voluntary,92275,2,1,2016-06-28,Bachelors,10733.0,30,Terminated,2012,2015.0,Rabia Anwar,26-35,4,Yes
10186,Product,Product Manager,Male,30,Lahore,2024-10-18,,,83619,2,1,2029-08-23,Bachelors,11235.0,9,Active,2024,,Omar Hussain,26-35,4,Yes
10187,Engineering,Tech Lead,Male,21,Islamabad,2020-08-29,,,107216,3,1,2021-12-07,Masters,10356.0,59,Active,2020,,Sana Bhatti,≤25,3,Yes
10188,Engineering,QA Engineer,Female,31,Lahore,2022-05-01,,,126021,2,0,,Bachelors,10248.0,39,Active,2022,,Rabia Aslam,26-35,4,Yes
10189,Engineering,Senior Engineer,Male,21,Remote,2013-09-14,,,92970,4,1,2018-04-26,Bachelors,10153.0,144,Active,2013,,Mahnoor Iftikhar,≤25,2,Yes
10190,Engineering,Software Engineer,Male,35,Islamabad,2015-12-12,,,95618,2,0,,Masters,10250.0,117,Active,2015,,Salman Bhatti,26-35,4,Yes
10191,Engineering,QA Engineer,Male,39,Remote,2021-11-01,,,101912,4,0,,Bachelors,10873.0,45,Active,2021,,Hassan Javed,36-45,2,Yes
10192,Engineering,Senior Engineer,Female,22,Karachi,2023-08-10,,,122875,2,0,,Masters,11325.0,24,Active,2023,,Nadia Malik,≤25,4,Yes
10193,Sales,Account Executive,Female,36,Lahore,2019-06-29,2023-11-13,Voluntary,114947,2,0,,Masters,11291.0,53,Terminated,2019,2023.0,Mahnoor Javed,36-45,4,Yes
10194,Product,Product Manager,Female,34,Islamabad,2014-10-02,,,94964,3,0,,Bachelors,,131,Active,2014,,Ali Qureshi,26-35,3,Yes
10195,Finance,Accountant,Male,25,Karachi,2022-02-04,,,73660,1,1,2027-06-17,Bachelors,10966.0,42,Active,2022,,Hina Hussain,≤25,5,Yes
10196,Marketing,Marketing Manager,Other,43,Multicity,2014-07-06,2021-12-16,Voluntary,98041,3,1,2019-12-12,PhD,10449.0,90,Terminated,2014,2021.0,Sana Bhatti,36-45,3,Yes
10197,Marketing,SEO Analyst,Male,42,Remote,2016-12-28,,,81107,2,0,,Bachelors,11428.0,104,Active,2016,,Salman Aslam,36-45,4,Yes
10198,Sales,Sales Manager,Male,38,Islamabad,2018-12-13,,,71557,3,1,2023-02-08,Diploma,11008.0,80,Active,2018,,Ali Khan,36-45,3,Yes
10199,Marketing,Marketing Specialist,Male,35,Karachi,2024-07-29,,,127536,3,0,,Bachelors,11257.0,12,Active,2024,,Amna Malik,26-35,3,Yes
10200,Engineering,Senior Engineer,Male,25,Karachi,2018-05-18,,,89742,4,1,2019-09-16,Bachelors,10290.0,87,Active,2018,,Shahid Qureshi,≤25,2,Yes
10201,Customer Success,CS Associate,Female,26,Lahore,2019-10-29,,,43506,3,1,2021-05-22,Bachelors,10322.0,70,Active,2019,,Ayesha Anwar,26-35,3,Yes
10202,Customer Success,CS Associate,Female,34,Multicity,2021-08-10,,,142871,2,0,,Diploma,11256.0,48,Active,2021,,Nadia Khan,26-35,4,Yes
10203,Customer Success,CS Manager,Female,33,Remote,2020-02-16,,,104515,4,1,2022-10-11,Bachelors,11437.0,66,Active,2020,,Usman Zafar,26-35,2,Yes
10204,Product,Product Analyst,Female,27,Islamabad,2012-09-18,,,99429,2,0,,Bachelors,11252.0,156,Active,2012,,Usman Chaudhry,26-35,4,Yes
10205,Sales,Sales Manager,Male,23,Lahore,2015-07-24,,,127737,2,2,2018-07-03,Diploma,10181.0,122,Active,2015,,Hassan Bhatti,≤25,4,Yes
10206,Customer Success,CS Associate,Male,26,Karachi,2015-01-15,,,87484,2,2,2017-06-23,Masters,10098.0,128,Active,2015,,Salman Hussain,26-35,4,Yes
10207,HR,HR Manager,Male,50,Karachi,2011-06-09,,,100479,4,0,,Bachelors,10981.0,172,Active,2011,,Mahnoor Raza,46-55,2,Yes
10208,Customer Success,CS Manager,Male,31,Karachi,2017-08-01,,,81462,3,1,2020-05-14,Bachelors,10700.0,97,Active,2017,,Rabia Bhatti,26-35,3,Yes
10209,Engineering,QA Engineer,Male,25,Karachi,2010-06-22,,,66903,5,0,,Bachelors,,183,Active,2010,,Zara Bhatti,≤25,1,Yes
10210,Product,Product Manager,Male,31,Islamabad,2023-03-13,,,102563,3,0,,Bachelors,10389.0,29,Active,2023,,Zara Khan,26-35,3,Yes
10211,HR,HR Manager,Female,30,Islamabad,2022-06-04,,,123380,3,0,,Bachelors,11170.0,38,Active,2022,,Bilal Raza,26-35,3,Yes
10212,Marketing,SEO Analyst,Male,25,Lahore,2015-03-01,,,87019,3,0,,Masters,10408.0,126,Active,2015,,Hina Bhatti,≤25,3,Yes
10213,Engineering,Senior Engineer,Male,21,Karachi,2023-03-14,,,98914,4,1,2025-12-04,Masters,11353.0,29,Active,2023,,Nadia Nawaz,≤25,2,Yes
10214,Sales,Sales Manager,Male,45,Karachi,2014-12-10,,,112531,3,0,,Bachelors,10952.0,129,Active,2014,,Mahnoor Yousaf,36-45,3,Yes
10215,Sales,Account Executive,Female,25,Karachi,2010-02-28,,,100333,2,1,2014-11-27,Bachelors,11207.0,187,Active,2010,,Zara Qureshi,≤25,4,Yes
10216,Sales,Sales Rep,Female,27,Remote,2011-08-05,,,86709,3,1,2015-04-03,Bachelors,10612.0,170,Active,2011,,Hina Raza,26-35,3,Yes
10217,Engineering,Software Engineer,Male,28,Remote,2024-02-26,,,102986,4,1,2028-08-18,Bachelors,,17,Active,2024,,Ali Shah,26-35,2,Yes
10218,Finance,Financial Analyst,Female,32,Remote,2011-04-28,2020-11-24,Voluntary,93101,4,0,,Bachelors,10302.0,116,Terminated,2011,2020.0,Ali Shah,26-35,2,Yes
10219,Customer Success,CS Associate,Male,32,Islamabad,2015-02-19,,,79132,2,0,,Bachelors,10565.0,127,Active,2015,,Sana Chaudhry,26-35,4,Yes
10220,Marketing,Marketing Specialist,Female,42,Islamabad,2011-07-07,,,36813,3,0,,Bachelors,11204.0,171,Active,2011,,Shahid Shah,36-45,3,Yes
10221,Marketing,Marketing Specialist,Female,41,Lahore,2010-09-15,2017-03-15,Retirement,48532,4,0,,Masters,11341.0,79,Terminated,2010,2017.0,Hina Bhatti,36-45,2,Yes
10222,Finance,Finance Manager,Male,35,Karachi,2017-05-30,,,84904,4,1,2022-03-24,Masters,10678.0,99,Active,2017,,Hina Qureshi,26-35,2,Yes
10223,Operations,Operations Associate,Female,38,Remote,2011-08-04,,,63469,1,0,,Masters,10574.0,170,Active,2011,,Mahnoor Ahmed,36-45,5,Yes
10224,Customer Success,CS Manager,Female,39,Karachi,2021-07-13,,,115431,4,0,,Masters,11492.0,49,Active,2021,,Amna Siddiqui,36-45,2,Yes
10225,HR,HR Manager,Male,28,Lahore,2015-05-04,,,75434,3,1,2019-01-20,Masters,10115.0,124,Active,2015,,Mahnoor Butt,26-35,3,Yes
10226,Marketing,Marketing Specialist,Male,33,Islamabad,2016-03-31,,,87393,4,0,,Bachelors,10355.0,113,Active,2016,,Usman Shah,26-35,2,Yes
10227,Engineering,Senior Engineer,Female,24,Karachi,2020-11-20,,,114260,5,0,,Masters,10950.0,57,Active,2020,,Nadia Malik,≤25,1,Yes
10228,Finance,Finance Manager,Female,38,Islamabad,2014-10-22,,,71192,3,2,2018-04-22,Bachelors,11201.0,131,Active,2014,,Rabia Farooq,36-45,3,Yes
10229,Marketing,SEO Analyst,Male,25,Remote,2022-02-04,,,102319,4,0,,Bachelors,10333.0,42,Active,2022,,Sana Khan,≤25,2,Yes
10230,Legal,Legal Counsel,Female,21,Islamabad,2012-12-19,,,125294,3,2,2016-04-05,Bachelors,11397.0,153,Active,2012,,Amna Shah,≤25,3,Yes
10231,Engineering,Senior Engineer,Female,28,Islamabad,2022-10-22,2023-08-06,Involuntary,71831,5,0,,Masters,10563.0,9,Terminated,2022,2023.0,Mahnoor Javed,26-35,1,Yes
10232,HR,Recruiter,Female,38,Lahore,2022-12-04,,,61740,3,0,,Bachelors,11197.0,32,Active,2022,,Usman Yousaf,36-45,3,Yes
10233,Engineering,DevOps Engineer,Other,21,Multicity,2020-08-08,,,133929,3,0,,Bachelors,11401.0,60,Active,2020,,Shahid Shah,≤25,3,Yes
10234,Engineering,Software Engineer,Male,39,Karachi,2015-06-14,,,99381,3,1,2020-02-16,Masters,10611.0,123,Active,2015,,Hamza Ahmed,36-45,3,Yes
10235,Engineering,DevOps Engineer,Female,48,Remote,2020-08-10,,,113445,4,0,,Masters,11394.0,60,Active,2020,,Rabia Aslam,46-55,2,Yes
10236,Engineering,Software Engineer,Female,34,Multicity,2019-02-17,,,96320,3,1,2022-04-22,Masters,11171.0,78,Active,2019,,Fatima Shah,26-35,3,Yes
10237,Customer Success,CS Associate,Female,29,Karachi,2014-04-09,,,74434,4,0,,PhD,11038.0,137,Active,2014,,Bilal Iftikhar,26-35,2,Yes
10238,Sales,Sales Rep,Female,21,Remote,2012-02-12,,,101037,2,0,,Bachelors,11144.0,163,Active,2012,,Hamza Butt,≤25,4,Yes
10239,Customer Success,CS Manager,Female,40,Remote,2012-03-05,,,99452,3,0,,Bachelors,10861.0,163,Active,2012,,Maria Sheikh,36-45,3,Yes
10240,Customer Success,CS Associate,Male,44,Lahore,2024-10-12,,,121410,2,0,,Bachelors,11188.0,9,Active,2024,,Shahid Javed,36-45,4,Yes
10241,Product,Product Manager,Male,21,Karachi,2019-09-02,2024-01-12,Voluntary,64408,3,0,,Masters,10410.0,53,Terminated,2019,2024.0,Usman Raza,≤25,3,Yes
10242,Sales,Sales Manager,Female,30,Multicity,2017-12-12,2020-01-19,Involuntary,93971,3,0,,Masters,11299.0,25,Terminated,2017,2020.0,Nadia Ahmed,26-35,3,Yes
10243,Engineering,QA Engineer,Male,28,Islamabad,2019-07-02,2021-05-10,Voluntary,71867,4,0,,Bachelors,11297.0,22,Terminated,2019,2021.0,Sana Raza,26-35,2,Yes
10244,HR,Recruiter,Female,42,Lahore,2019-03-22,2021-07-15,Involuntary,72324,5,0,,Masters,11087.0,28,Terminated,2019,2021.0,Hina Nawaz,36-45,1,Yes
10245,Engineering,Software Engineer,Female,26,Karachi,2020-06-22,,,152648,3,0,,Bachelors,11205.0,62,Active,2020,,Ali Malik,26-35,3,Yes
10246,Sales,Sales Rep,Female,33,Karachi,2011-03-20,,,93581,4,0,,Bachelors,11406.0,174,Active,2011,,Salman Malik,26-35,2,Yes
10247,Product,Product Analyst,Other,28,Lahore,2024-08-28,,,92440,2,0,,PhD,10039.0,11,Active,2024,,Fatima Raza,26-35,4,Yes
10248,Sales,Sales Manager,Female,21,Karachi,2024-06-29,2025-04-13,Voluntary,109742,3,1,2029-02-20,Masters,11311.0,9,Terminated,2024,2025.0,Bilal Zafar,≤25,3,Yes
10249,Sales,Sales Manager,Female,34,Lahore,2012-03-17,2014-09-18,Involuntary,83303,1,0,,Masters,10778.0,30,Terminated,2012,2014.0,Hamza Chaudhry,26-35,5,Yes
10250,Engineering,Tech Lead,Male,28,Karachi,2011-05-12,,,136249,4,0,,Bachelors,11356.0,173,Active,2011,,Nadia Zafar,26-35,2,Yes
10251,Marketing,Marketing Manager,Female,36,Karachi,2019-01-12,,,100652,2,1,2024-01-23,Masters,10217.0,79,Active,2019,,Bilal Yousaf,36-45,4,Yes
10252,Finance,Finance Manager,Male,21,Karachi,2017-08-11,,,112883,3,0,,Masters,10080.0,97,Active,2017,,Shahid Chaudhry,≤25,3,Yes
10253,Marketing,Marketing Specialist,Female,32,Lahore,2012-06-14,,,102413,1,0,,Bachelors,11175.0,159,Active,2012,,Omar Bhatti,26-35,5,Yes
10254,Operations,Operations Associate,Female,40,Islamabad,2015-07-30,2023-10-09,Voluntary,92392,3,1,2017-11-14,Bachelors,,99,Terminated,2015,2023.0,Fatima Qureshi,36-45,3,Yes
10255,Sales,Sales Rep,Male,42,Karachi,2014-04-19,2017-08-21,Voluntary,111244,4,1,2017-09-07,Masters,10093.0,40,Terminated,2014,2017.0,Fatima Anwar,36-45,2,Yes
10256,Engineering,Senior Engineer,Female,22,Karachi,2014-04-08,,,98842,3,2,2018-10-02,Bachelors,10763.0,137,Active,2014,,Bilal Siddiqui,≤25,3,Yes
10257,Customer Success,CS Manager,Male,36,Lahore,2022-01-11,,,94154,4,0,,Masters,10863.0,43,Active,2022,,Usman Nawaz,36-45,2,Yes
10258,Operations,Operations Associate,Male,38,Islamabad,2020-01-24,2025-06-06,Involuntary,92677,2,0,,PhD,11165.0,65,Terminated,2020,2025.0,Hamza Sheikh,36-45,4,Yes
10259,Operations,Operations Associate,Female,25,Islamabad,2013-02-22,,,111063,4,3,2018-03-22,Diploma,10999.0,151,Active,2013,,Amna Farooq,≤25,2,Yes
10260,Engineering,QA Engineer,Male,33,Karachi,2019-06-19,,,100595,1,0,,Masters,11180.0,74,Active,2019,,Amna Yousaf,26-35,5,Yes
10261,Operations,Operations Associate,Female,23,Islamabad,2014-02-12,,,100021,3,0,,Masters,11355.0,139,Active,2014,,Shahid Aslam,≤25,3,Yes
10262,Operations,Operations Manager,Male,34,Islamabad,2016-03-31,,,80425,4,0,,Bachelors,,113,Active,2016,,Nadia Siddiqui,26-35,2,Yes
10263,Engineering,Senior Engineer,Male,31,Lahore,2020-05-17,,,102700,2,0,,Masters,10677.0,63,Active,2020,,Hina Yousaf,26-35,4,Yes
10264,Product,Product Manager,Male,43,Lahore,2015-08-09,,,93931,4,0,,Bachelors,11173.0,121,Active,2015,,Shahid Ahmed,36-45,2,Yes
10265,Finance,Accountant,Male,39,Karachi,2011-09-10,,,95661,4,0,,Bachelors,11141.0,169,Active,2011,,Hamza Chaudhry,36-45,2,Yes
10266,Marketing,Marketing Specialist,Female,33,Multicity,2019-12-10,,,111310,4,3,2024-02-03,Bachelors,10698.0,68,Active,2019,,Nadia Javed,26-35,2,Yes
10267,Sales,Sales Rep,Female,29,Remote,2022-05-06,,,118187,4,0,,Bachelors,10744.0,39,Active,2022,,Hamza Zafar,26-35,2,Yes
10268,Operations,Operations Associate,Male,39,Islamabad,2012-03-13,2020-03-30,Involuntary,96277,5,2,2014-10-31,Bachelors,10217.0,97,Terminated,2012,2020.0,Zara Hussain,36-45,1,Yes
10269,Engineering,Senior Engineer,Male,44,Remote,2011-02-19,,,89543,3,0,,Bachelors,10247.0,175,Active,2011,,Hassan Sheikh,36-45,3,Yes
10270,Product,Product Analyst,Male,30,Remote,2024-08-17,,,73904,3,0,,Masters,11296.0,11,Active,2024,,Shahid Aslam,26-35,3,Yes
10271,Customer Success,CS Manager,Female,25,Lahore,2022-02-15,,,74644,5,0,,Bachelors,11086.0,42,Active,2022,,Omar Yousaf,≤25,1,Yes
10272,Customer Success,CS Associate,Female,21,Lahore,2010-05-01,,,65852,5,1,2012-04-27,Masters,10262.0,185,Active,2010,,Bilal Zafar,≤25,1,Yes
10273,Engineering,DevOps Engineer,Female,31,Karachi,2012-02-04,,,83488,3,2,2016-07-04,PhD,10560.0,164,Active,2012,,Adnan Javed,26-35,3,Yes
10274,HR,Recruiter,Female,25,Lahore,2015-04-21,2020-01-05,Involuntary,97648,4,1,2019-03-05,Bachelors,10642.0,57,Terminated,2015,2020.0,Fatima Malik,≤25,2,Yes
10275,Operations,Operations Associate,Male,34,Islamabad,2013-09-24,,,99849,3,0,,Masters,,144,Active,2013,,Mahnoor Raza,26-35,3,Yes
10276,Operations,Operations Associate,Male,22,Islamabad,2019-02-12,,,91479,2,0,,Bachelors,11168.0,78,Active,2019,,Rabia Javed,≤25,4,Yes
10277,Product,Product Analyst,Female,28,Remote,2020-11-22,,,78890,4,1,2024-04-05,Masters,10051.0,57,Active,2020,,Nadia Anwar,26-35,2,Yes
10278,HR,HR Specialist,Female,42,Karachi,2020-10-18,,,78585,2,1,2023-05-27,Masters,10127.0,58,Active,2020,,Bilal Malik,36-45,4,Yes
10279,Operations,Operations Manager,Male,29,Lahore,2014-10-18,,,102659,3,0,,Masters,11150.0,131,Active,2014,,Bilal Zafar,26-35,3,Yes
10280,Legal,Legal Counsel,Male,49,Islamabad,2018-12-30,,,108757,3,0,,Masters,,80,Active,2018,,Sana Malik,46-55,3,Yes
10281,HR,HR Manager,Male,28,Lahore,2011-04-26,2017-01-12,Voluntary,82246,4,3,2014-10-19,Masters,,69,Terminated,2011,2017.0,Ayesha Javed,26-35,2,Yes
10282,Operations,Operations Manager,Female,37,Lahore,2013-09-10,,,130204,4,0,,Diploma,10363.0,144,Active,2013,,Maria Farooq,36-45,2,Yes
10283,Product,Product Manager,Male,21,Karachi,2018-07-02,,,64853,3,0,,Bachelors,10266.0,86,Active,2018,,Amna Zafar,≤25,3,Yes
10284,Engineering,Tech Lead,Male,32,Lahore,2010-01-18,,,135891,1,0,,Diploma,11280.0,189,Active,2010,,Rabia Farooq,26-35,5,Yes
10285,Operations,Operations Manager,Male,37,Lahore,2018-10-04,,,68783,4,0,,Bachelors,10376.0,83,Active,2018,,Rabia Siddiqui,36-45,2,Yes
10286,Marketing,Marketing Manager,Male,32,Lahore,2015-12-13,,,113768,3,0,,Masters,10678.0,117,Active,2015,,Rabia Raza,26-35,3,Yes
10287,Sales,Sales Rep,Female,41,Islamabad,2020-03-16,,,96863,3,0,,Masters,10234.0,65,Active,2020,,Adnan Farooq,36-45,3,Yes
10288,Operations,Operations Manager,Male,37,Islamabad,2016-05-25,,,126934,3,0,,Bachelors,10781.0,111,Active,2016,,Bilal Zafar,36-45,3,Yes
10289,Product,Product Manager,Male,34,Lahore,2019-06-28,,,96111,5,0,,Masters,11041.0,74,Active,2019,,Salman Khan,26-35,1,Yes
10290,Finance,Financial Analyst,Male,38,Islamabad,2022-06-19,,,100145,2,1,2024-01-01,Bachelors,,37,Active,2022,,Ayesha Hussain,36-45,4,Yes
10291,Marketing,Marketing Specialist,Female,42,Karachi,2024-11-05,,,102974,3,0,,Masters,10421.0,8,Active,2024,,Ayesha Iftikhar,36-45,3,Yes
10292,Marketing,Marketing Manager,Female,30,Islamabad,2020-11-30,,,73329,4,1,2022-04-26,Masters,10940.0,56,Active,2020,,Maria Butt,26-35,2,Yes
10293,Operations,Operations Associate,Male,35,Karachi,2013-06-22,,,98008,3,0,,Bachelors,10529.0,147,Active,2013,,Nadia Qureshi,26-35,3,Yes
10294,HR,Recruiter,Female,34,Lahore,2014-04-05,2016-12-29,Voluntary,90929,4,0,,Masters,11199.0,33,Terminated,2014,2016.0,Ali Butt,26-35,2,Yes
10295,Engineering,Software Engineer,Male,38,Lahore,2016-08-27,,,72995,4,0,,Masters,10896.0,108,Active,2016,,Nadia Malik,36-45,2,Yes
10296,HR,HR Manager,Male,30,Karachi,2014-11-19,,,94383,4,1,2020-05-07,Masters,11298.0,130,Active,2014,,Usman Butt,26-35,2,Yes
10297,Engineering,Tech Lead,Female,32,Karachi,2011-04-25,,,105580,2,0,,Bachelors,10807.0,173,Active,2011,,Shahid Qureshi,26-35,4,Yes
10298,Marketing,Marketing Specialist,Male,34,Islamabad,2022-12-28,,,98170,3,0,,Bachelors,11049.0,31,Active,2022,,Shahid Iftikhar,26-35,3,Yes
10299,Engineering,Senior Engineer,Male,40,Remote,2022-02-28,,,79470,2,0,,Masters,11124.0,41,Active,2022,,Nadia Shah,36-45,4,Yes
10300,Finance,Finance Manager,Male,21,Islamabad,2011-05-15,,,109300,2,0,,Bachelors,,173,Active,2011,,Rabia Bhatti,≤25,4,Yes
10301,Sales,Sales Manager,Female,29,Karachi,2017-01-13,,,97544,5,1,2019-10-25,Bachelors,11350.0,104,Active,2017,,Hamza Zafar,26-35,1,Yes
10302,Sales,Sales Manager,Male,43,Lahore,2011-04-14,,,88685,5,1,2013-03-24,Bachelors,10453.0,174,Active,2011,,Hassan Malik,36-45,1,Yes
10303,Operations,Operations Manager,Male,22,Lahore,2011-02-15,,,46024,3,0,,Bachelors,10625.0,176,Active,2011,,Hassan Khan,≤25,3,Yes
10304,Finance,Financial Analyst,Male,37,Islamabad,2023-02-07,,,109746,4,0,,Bachelors,10539.0,30,Active,2023,,Ayesha Iftikhar,36-45,2,Yes
10305,Customer Success,CS Manager,Female,34,Remote,2020-09-10,,,78718,4,0,,Masters,11208.0,59,Active,2020,,Salman Siddiqui,26-35,2,Yes
10306,Engineering,Software Engineer,Female,31,Lahore,2021-04-12,,,77061,3,1,2026-08-16,Bachelors,11207.0,52,Active,2021,,Ayesha Hussain,26-35,3,Yes
10307,Customer Success,CS Associate,Male,24,Lahore,2021-11-29,2024-01-13,Voluntary,123203,4,0,,Masters,11257.0,25,Terminated,2021,2024.0,Ayesha Nawaz,≤25,2,Yes
10308,Operations,Operations Associate,Male,32,Karachi,2013-07-13,,,94867,4,1,2015-05-08,Masters,10734.0,146,Active,2013,,Nadia Bhatti,26-35,2,Yes
10309,Engineering,QA Engineer,Male,24,Karachi,2011-04-11,,,128875,4,1,2015-03-06,PhD,10961.0,174,Active,2011,,Zara Chaudhry,≤25,2,Yes
10310,Product,Product Manager,Male,35,Islamabad,2021-05-23,2024-05-24,Involuntary,99135,3,1,2026-07-20,Bachelors,10356.0,36,Terminated,2021,2024.0,Hassan Yousaf,26-35,3,Yes
10311,HR,Recruiter,Male,37,Islamabad,2011-10-19,,,116583,3,0,,Bachelors,,167,Active,2011,,Amna Sheikh,36-45,3,Yes
10312,Marketing,SEO Analyst,Female,41,Karachi,2014-03-03,,,99828,4,0,,Bachelors,10900.0,138,Active,2014,,Rabia Butt,36-45,2,Yes
10313,Engineering,Software Engineer,Male,28,Karachi,2011-07-16,2015-02-24,Voluntary,136019,4,0,,Bachelors,10676.0,43,Terminated,2011,2015.0,Adnan Chaudhry,26-35,2,Yes
10314,Operations,Operations Manager,Female,27,Lahore,2023-05-07,,,89714,4,0,,Bachelors,10261.0,27,Active,2023,,Shahid Anwar,26-35,2,Yes
10315,Marketing,Marketing Specialist,Male,38,Lahore,2011-07-11,,,76948,2,0,,Bachelors,,171,Active,2011,,Shahid Zafar,36-45,4,Yes
10316,Marketing,SEO Analyst,Female,31,Lahore,2015-04-11,2023-06-05,Involuntary,89492,4,0,,Diploma,11242.0,99,Terminated,2015,2023.0,Omar Nawaz,26-35,2,Yes
10317,Product,Product Analyst,Male,29,Remote,2019-01-21,,,41522,4,0,,Masters,11350.0,79,Active,2019,,Imran Hussain,26-35,2,Yes
10318,Marketing,Marketing Specialist,Female,40,Karachi,2012-09-09,,,68127,3,2,2014-12-23,Bachelors,10033.0,156,Active,2012,,Zara Shah,36-45,3,Yes
10319,Engineering,DevOps Engineer,Female,26,Remote,2022-10-11,,,99046,2,0,,PhD,11088.0,34,Active,2022,,Fatima Aslam,26-35,4,Yes
10320,Finance,Financial Analyst,Male,49,Islamabad,2015-07-10,,,89548,3,1,2016-07-11,Masters,11329.0,122,Active,2015,,Rabia Iftikhar,46-55,3,Yes
10321,Finance,Accountant,Male,26,Karachi,2022-12-26,,,90753,3,0,,Masters,10780.0,31,Active,2022,,Imran Nawaz,26-35,3,Yes
10322,Sales,Sales Manager,Female,25,Remote,2023-05-03,,,84378,3,0,,Bachelors,10171.0,27,Active,2023,,Usman Anwar,≤25,3,Yes
10323,Sales,Sales Manager,Male,39,Karachi,2010-11-22,,,102466,4,0,,Bachelors,10014.0,178,Active,2010,,Adnan Sheikh,36-45,2,Yes
10324,HR,HR Specialist,Female,42,Karachi,2023-11-22,,,108493,2,0,,Masters,11097.0,20,Active,2023,,Imran Hussain,36-45,4,Yes
10325,HR,Recruiter,Female,45,Multicity,2011-11-03,,,97159,3,1,2015-12-07,Masters,10758.0,167,Active,2011,,Ayesha Hussain,36-45,3,Yes
10326,Marketing,SEO Analyst,Male,28,Karachi,2019-05-28,,,111780,4,1,2024-07-11,Bachelors,10243.0,75,Active,2019,,Adnan Iftikhar,26-35,2,Yes
10327,Customer Success,CS Associate,Female,33,Remote,2024-09-29,,,109003,3,1,2030-02-24,Bachelors,11427.0,10,Active,2024,,Nadia Raza,26-35,3,Yes
10328,Operations,Operations Associate,Male,35,Multicity,2023-02-03,2023-06-06,Involuntary,133650,3,1,2027-06-16,Bachelors,10454.0,4,Terminated,2023,2023.0,Imran Yousaf,26-35,3,Yes
10329,HR,HR Manager,Male,25,Lahore,2022-09-05,,,79414,4,1,2026-08-07,Bachelors,,35,Active,2022,,Hina Bhatti,≤25,2,Yes
10330,Engineering,Senior Engineer,Female,53,Lahore,2021-09-22,,,98067,4,1,2025-08-18,Bachelors,11227.0,46,Active,2021,,Hamza Ahmed,46-55,2,Yes
10331,Marketing,Marketing Manager,Male,25,Karachi,2017-02-04,2019-11-10,Involuntary,101286,5,1,2018-07-31,Diploma,10723.0,33,Terminated,2017,2019.0,Rabia Chaudhry,≤25,1,Yes
10332,Operations,Operations Manager,Female,40,Lahore,2015-11-07,,,87785,2,1,2017-05-09,Bachelors,11145.0,118,Active,2015,,Ali Butt,36-45,4,Yes
10333,Product,Product Analyst,Male,21,Remote,2014-08-01,,,71968,5,0,,Bachelors,10009.0,133,Active,2014,,Zara Chaudhry,≤25,1,Yes
10334,Sales,Account Executive,Male,34,Lahore,2017-01-17,,,110942,3,0,,Bachelors,10527.0,103,Active,2017,,Bilal Malik,26-35,3,Yes
10335,Product,Product Analyst,Female,32,Multicity,2015-05-10,,,125617,4,2,2020-08-07,Bachelors,11395.0,124,Active,2015,,Omar Iftikhar,26-35,2,Yes
10336,Finance,Finance Manager,Female,37,Lahore,2015-12-16,,,58472,3,1,2021-05-18,Diploma,10470.0,117,Active,2015,,Maria Zafar,36-45,3,Yes
10337,Customer Success,CS Associate,Female,43,Lahore,2018-11-17,2021-11-29,Voluntary,117602,2,1,2023-08-27,Masters,11135.0,36,Terminated,2018,2021.0,Bilal Hussain,36-45,4,Yes
10338,Product,Product Analyst,Male,36,Karachi,2012-12-08,,,95213,2,0,,Masters,,153,Active,2012,,Mahnoor Yousaf,36-45,4,Yes
10339,Engineering,Senior Engineer,Male,35,Karachi,2024-06-23,,,94170,3,0,,Masters,10729.0,13,Active,2024,,Imran Sheikh,26-35,3,Yes
10340,Engineering,Software Engineer,Male,36,Karachi,2016-09-23,,,92588,3,0,,Bachelors,10086.0,107,Active,2016,,Ali Shah,36-45,3,Yes
10341,Customer Success,CS Associate,Female,21,Lahore,2020-04-03,,,94704,4,0,,Masters,11046.0,64,Active,2020,,Salman Yousaf,≤25,2,Yes
10342,Sales,Sales Rep,Female,30,Karachi,2017-02-03,,,67607,3,1,2021-02-14,Bachelors,11405.0,103,Active,2017,,Sana Chaudhry,26-35,3,Yes
10343,Customer Success,CS Associate,Female,23,Islamabad,2011-08-18,,,113217,4,1,2012-09-10,Masters,10206.0,169,Active,2011,,Amna Malik,≤25,2,Yes
10344,Sales,Sales Manager,Female,32,Karachi,2010-03-18,,,99541,3,0,,Diploma,10376.0,187,Active,2010,,Sana Shah,26-35,3,Yes
10345,Finance,Financial Analyst,Male,21,Islamabad,2020-04-12,,,95083,3,1,2023-10-22,Bachelors,11179.0,64,Active,2020,,Hassan Chaudhry,≤25,3,Yes
10346,Operations,Operations Associate,Female,37,Remote,2023-12-07,,,62160,4,1,2026-01-11,Bachelors,,20,Active,2023,,Amna Raza,36-45,2,Yes
10347,Engineering,Software Engineer,Male,38,Lahore,2022-08-18,,,124450,4,0,,Bachelors,10996.0,35,Active,2022,,Sana Zafar,36-45,2,Yes
10348,Sales,Sales Manager,Female,35,Karachi,2012-03-30,2015-12-28,Voluntary,98601,4,0,,Bachelors,10921.0,45,Terminated,2012,2015.0,Amna Javed,26-35,2,Yes
10349,Customer Success,CS Associate,Male,30,Lahore,2011-08-24,,,97595,3,0,,Bachelors,11391.0,169,Active,2011,,Adnan Siddiqui,26-35,3,Yes
10350,Product,Product Manager,Female,32,Islamabad,2022-01-22,,,89256,5,0,,Bachelors,11045.0,42,Active,2022,,Imran Anwar,26-35,1,Yes
10351,Finance,Finance Manager,Male,32,Karachi,2014-10-13,,,69301,3,1,2016-08-04,Masters,10690.0,131,Active,2014,,Sana Aslam,26-35,3,Yes
10352,HR,HR Manager,Female,28,Remote,2021-05-07,2022-05-03,Voluntary,90186,3,0,,Masters,11239.0,12,Terminated,2021,2022.0,Zara Nawaz,26-35,3,Yes
10353,Operations,Operations Manager,Female,39,Islamabad,2015-12-13,,,96930,4,0,,Bachelors,10342.0,117,Active,2015,,Nadia Anwar,36-45,2,Yes
10354,Engineering,Software Engineer,Male,21,Karachi,2012-12-21,,,158755,4,0,,Masters,10813.0,153,Active,2012,,Zara Malik,≤25,2,Yes
10355,Engineering,Software Engineer,Female,40,Lahore,2017-10-30,2022-05-13,Voluntary,79202,5,0,,Bachelors,10172.0,55,Terminated,2017,2022.0,Zara Ahmed,36-45,1,Yes
10356,Operations,Operations Manager,Male,34,Karachi,2011-07-18,,,76986,4,0,,Bachelors,10058.0,170,Active,2011,,Ali Shah,26-35,2,Yes
10357,Engineering,Tech Lead,Female,31,Karachi,2015-06-25,,,104349,5,1,2019-07-06,Diploma,10276.0,123,Active,2015,,Nadia Butt,26-35,1,Yes
10358,Product,Product Manager,Female,34,Lahore,2018-04-16,,,97299,4,0,,Bachelors,11093.0,88,Active,2018,,Rabia Iftikhar,26-35,2,Yes
10359,Sales,Account Executive,Male,39,Karachi,2016-05-23,2019-12-05,Voluntary,96152,3,0,,Bachelors,10279.0,43,Terminated,2016,2019.0,Rabia Yousaf,36-45,3,Yes
10360,Sales,Account Executive,Male,40,Islamabad,2013-07-16,,,113741,4,0,,Bachelors,10599.0,146,Active,2013,,Shahid Nawaz,36-45,2,Yes
10361,Marketing,Marketing Specialist,Male,25,Karachi,2019-10-30,,,122623,3,0,,Bachelors,11322.0,70,Active,2019,,Ali Hussain,≤25,3,Yes
10362,HR,Recruiter,Male,35,Karachi,2022-03-09,,,74914,3,1,2026-08-15,Masters,10583.0,41,Active,2022,,Maria Nawaz,26-35,3,Yes
10363,Operations,Operations Manager,Male,32,Remote,2016-10-14,,,96575,3,2,2021-05-10,Bachelors,11434.0,107,Active,2016,,Fatima Iftikhar,26-35,3,Yes
10364,Operations,Operations Associate,Male,36,Karachi,2023-09-20,,,97111,1,0,,Diploma,10256.0,22,Active,2023,,Mahnoor Zafar,36-45,5,Yes
10365,Operations,Operations Associate,Male,41,Karachi,2024-09-01,,,65448,3,1,2027-06-01,Masters,10760.0,11,Active,2024,,Rabia Butt,36-45,3,Yes
10366,Finance,Financial Analyst,Male,30,Remote,2021-11-12,,,117514,2,1,2027-03-19,Bachelors,10371.0,45,Active,2021,,Hamza Iftikhar,26-35,4,Yes
10367,Engineering,Tech Lead,Female,31,Remote,2010-03-06,2015-11-04,Voluntary,100312,5,0,,Bachelors,,68,Terminated,2010,2015.0,Salman Siddiqui,26-35,1,Yes
10368,Engineering,Software Engineer,Male,24,Multicity,2024-12-24,,,67125,4,1,2027-09-24,Diploma,11491.0,7,Active,2024,,Zara Iftikhar,≤25,2,Yes
10369,Engineering,DevOps Engineer,Male,22,Karachi,2022-06-10,,,93929,2,0,,Masters,10446.0,38,Active,2022,,Ayesha Malik,≤25,4,Yes
10370,Product,Product Manager,Female,44,Karachi,2016-09-18,2019-11-22,Voluntary,110196,3,0,,Bachelors,,38,Terminated,2016,2019.0,Zara Raza,36-45,3,Yes
10371,Marketing,Marketing Manager,Male,21,Lahore,2024-11-17,,,76340,2,1,2026-10-05,Bachelors,10693.0,8,Active,2024,,Imran Zafar,≤25,4,Yes
10372,Product,Product Manager,Male,29,Islamabad,2012-04-28,,,89601,4,0,,Bachelors,11143.0,161,Active,2012,,Amna Sheikh,26-35,2,Yes
10373,Customer Success,CS Associate,Female,23,Lahore,2013-01-05,,,57092,4,0,,Bachelors,10080.0,153,Active,2013,,Sana Yousaf,≤25,2,Yes
10374,Finance,Accountant,Female,49,Lahore,2015-12-07,,,104503,3,1,2019-12-24,Bachelors,10563.0,117,Active,2015,,Hassan Butt,46-55,3,Yes
10375,Legal,Legal Counsel,Male,31,Karachi,2012-08-03,,,97842,3,1,2015-08-24,Bachelors,11036.0,158,Active,2012,,Ayesha Yousaf,26-35,3,Yes
10376,HR,HR Specialist,Female,31,Islamabad,2012-05-26,,,101061,4,0,,Bachelors,11103.0,160,Active,2012,,Omar Yousaf,26-35,2,Yes
10377,Customer Success,CS Manager,Male,21,Lahore,2022-05-30,,,88033,4,0,,Bachelors,10226.0,38,Active,2022,,Salman Khan,≤25,2,Yes
10378,Engineering,Software Engineer,Male,39,Remote,2013-06-27,2014-04-09,Voluntary,87651,3,0,,Bachelors,10795.0,9,Terminated,2013,2014.0,Shahid Siddiqui,36-45,3,Yes
10379,Operations,Operations Manager,Male,39,Karachi,2016-02-10,,,58590,1,1,2018-04-12,Masters,,115,Active,2016,,Amna Siddiqui,36-45,5,Yes
10380,Customer Success,CS Associate,Female,26,Karachi,2016-04-27,,,85507,5,0,,Bachelors,11450.0,112,Active,2016,,Mahnoor Yousaf,26-35,1,Yes
10381,Engineering,DevOps Engineer,Male,26,Karachi,2023-07-26,2024-07-01,Voluntary,111021,3,0,,Bachelors,10473.0,11,Terminated,2023,2024.0,Shahid Raza,26-35,3,Yes
10382,Marketing,Marketing Specialist,Male,28,Islamabad,2014-09-22,,,96396,5,0,,Bachelors,10216.0,132,Active,2014,,Imran Chaudhry,26-35,1,Yes
10383,Customer Success,CS Associate,Female,42,Islamabad,2017-09-09,,,88497,2,0,,Masters,11033.0,96,Active,2017,,Ayesha Farooq,36-45,4,Yes
10384,Sales,Sales Rep,Male,33,Lahore,2014-07-26,,,81412,5,1,2018-08-25,Diploma,10761.0,134,Active,2014,,Zara Javed,26-35,1,Yes
10385,HR,HR Manager,Male,33,Islamabad,2024-03-23,,,90812,3,0,,Bachelors,10520.0,16,Active,2024,,Mahnoor Chaudhry,26-35,3,Yes
10386,Sales,Account Executive,Male,36,Lahore,2015-12-03,,,64072,5,0,,Bachelors,10618.0,117,Active,2015,,Bilal Sheikh,36-45,1,Yes
10387,Engineering,Senior Engineer,Male,24,Karachi,2021-05-03,,,86142,5,1,2023-11-19,PhD,11168.0,51,Active,2021,,Hassan Raza,≤25,1,Yes
10388,Product,Product Manager,Male,30,Lahore,2020-12-16,2022-07-11,Voluntary,114955,3,0,,Bachelors,10188.0,19,Terminated,2020,2022.0,Rabia Ahmed,26-35,3,Yes
10389,Marketing,Marketing Manager,Female,34,Islamabad,2015-08-20,,,74360,4,0,,Bachelors,11412.0,121,Active,2015,,Rabia Iftikhar,26-35,2,Yes
10390,Operations,Operations Associate,Female,24,Karachi,2011-02-21,,,96196,3,1,2012-07-30,Masters,,175,Active,2011,,Hassan Chaudhry,≤25,3,Yes
10391,Sales,Account Executive,Male,31,Remote,2012-01-27,,,87404,3,0,,Masters,10023.0,164,Active,2012,,Sana Farooq,26-35,3,Yes
10392,Operations,Operations Manager,Male,41,Lahore,2024-03-24,,,122468,3,0,,Bachelors,10313.0,16,Active,2024,,Ayesha Farooq,36-45,3,Yes
10393,Engineering,QA Engineer,Female,29,Islamabad,2019-07-02,,,72604,2,0,,Bachelors,10303.0,74,Active,2019,,Amna Raza,26-35,4,Yes
10394,Engineering,Software Engineer,Male,35,Islamabad,2016-03-16,,,99958,3,0,,Bachelors,11429.0,114,Active,2016,,Nadia Zafar,26-35,3,Yes
10395,Engineering,Senior Engineer,Male,27,Karachi,2010-12-28,,,132782,3,0,,Bachelors,,177,Active,2010,,Hina Qureshi,26-35,3,Yes
10396,Marketing,Marketing Specialist,Male,39,Islamabad,2010-01-30,,,112081,5,1,2011-08-01,Bachelors,10748.0,188,Active,2010,,Hina Aslam,36-45,1,Yes
10397,Sales,Account Executive,Male,35,Islamabad,2017-06-25,,,79317,2,0,,Bachelors,10905.0,98,Active,2017,,Fatima Anwar,26-35,4,Yes
10398,Operations,Operations Manager,Male,30,Remote,2012-12-07,,,85928,3,0,,Masters,10230.0,154,Active,2012,,Hamza Butt,26-35,3,Yes
10399,Customer Success,CS Manager,Female,25,Remote,2024-04-16,,,75774,4,0,,Bachelors,10227.0,15,Active,2024,,Ayesha Malik,≤25,2,Yes
10400,Sales,Account Executive,Male,33,Karachi,2015-11-16,,,74601,3,0,,Bachelors,10989.0,118,Active,2015,,Salman Hussain,26-35,3,Yes
10401,Operations,Operations Associate,Female,28,Islamabad,2013-08-16,,,104027,5,0,,Bachelors,10123.0,145,Active,2013,,Mahnoor Qureshi,26-35,1,Yes
10402,Sales,Sales Manager,Female,35,Karachi,2019-11-29,,,106671,1,0,,Bachelors,11351.0,69,Active,2019,,Hamza Sheikh,26-35,5,Yes
10403,Sales,Sales Rep,Male,24,Remote,2022-05-17,,,65331,3,0,,Bachelors,,39,Active,2022,,Bilal Yousaf,≤25,3,Yes
10404,Engineering,Tech Lead,Male,44,Lahore,2019-08-05,2021-11-26,Voluntary,108380,3,0,,Diploma,10506.0,28,Terminated,2019,2021.0,Usman Khan,36-45,3,Yes
10405,Product,Product Analyst,Male,33,Lahore,2022-07-31,,,76382,3,1,2025-07-20,Bachelors,11026.0,36,Active,2022,,Omar Farooq,26-35,3,Yes
10406,Sales,Sales Rep,Female,26,Remote,2010-03-21,,,102588,4,0,,Bachelors,10573.0,187,Active,2010,,Adnan Shah,26-35,2,Yes
10407,Sales,Account Executive,Female,32,Islamabad,2012-07-05,2021-03-01,Voluntary,71922,4,1,2017-01-06,Masters,11173.0,105,Terminated,2012,2021.0,Fatima Butt,26-35,2,Yes
10408,Engineering,Tech Lead,Female,40,Karachi,2011-09-09,,,112183,3,1,2013-06-18,Bachelors,10414.0,169,Active,2011,,Fatima Aslam,36-45,3,Yes
10409,Legal,Legal Counsel,Female,25,Remote,2013-05-06,,,83672,3,2,2018-08-30,Bachelors,,149,Active,2013,,Amna Yousaf,≤25,3,Yes
10410,Product,Product Analyst,Male,33,Lahore,2022-03-28,,,114541,2,0,,Masters,10060.0,40,Active,2022,,Ali Iftikhar,26-35,4,Yes
10411,Customer Success,CS Associate,Female,34,Karachi,2010-10-23,,,83818,4,0,,Masters,10311.0,179,Active,2010,,Hassan Chaudhry,26-35,2,Yes
10412,Customer Success,CS Manager,Male,36,Karachi,2018-04-13,,,101648,4,1,2022-09-04,Bachelors,10475.0,88,Active,2018,,Mahnoor Nawaz,36-45,2,Yes
10413,Sales,Sales Rep,Male,25,Islamabad,2023-01-24,,,72205,3,0,,Masters,10765.0,30,Active,2023,,Hina Butt,≤25,3,Yes
10414,Engineering,QA Engineer,Male,21,Karachi,2022-05-24,,,110160,1,0,,Masters,10552.0,38,Active,2022,,Omar Khan,≤25,5,Yes
10415,Product,Product Manager,Female,48,Multicity,2013-04-28,,,67371,2,0,,Diploma,,149,Active,2013,,Adnan Ahmed,46-55,4,Yes
10416,Legal,Legal Counsel,Female,32,Remote,2019-08-22,,,106770,3,2,2024-12-27,Bachelors,10779.0,72,Active,2019,,Imran Raza,26-35,3,Yes
10417,Operations,Operations Manager,Female,29,Islamabad,2012-11-10,,,113326,3,2,2017-10-22,Masters,10924.0,154,Active,2012,,Imran Anwar,26-35,3,Yes
10418,Finance,Financial Analyst,Female,28,Karachi,2010-12-09,,,109841,5,0,,Bachelors,11291.0,178,Active,2010,,Adnan Yousaf,26-35,1,Yes
10419,Product,Product Manager,Male,24,Lahore,2016-11-30,,,82940,4,1,2020-07-01,Bachelors,10111.0,105,Active,2016,,Hamza Siddiqui,≤25,2,Yes
10420,Operations,Operations Associate,Male,33,Islamabad,2018-03-07,2023-11-16,Voluntary,93410,4,1,2023-01-30,Bachelors,10662.0,69,Terminated,2018,2023.0,Zara Yousaf,26-35,2,Yes
10421,Finance,Financial Analyst,Male,50,Remote,2010-11-23,,,83997,4,1,2012-05-25,Bachelors,11457.0,178,Active,2010,,Maria Yousaf,46-55,2,Yes
10422,Customer Success,CS Manager,Male,21,Islamabad,2018-01-10,,,91279,2,0,,Masters,11047.0,92,Active,2018,,Nadia Ahmed,≤25,4,Yes
10423,Operations,Operations Associate,Male,28,Lahore,2014-09-17,,,86261,5,0,,Bachelors,10307.0,132,Active,2014,,Adnan Javed,26-35,1,Yes
10424,Engineering,Senior Engineer,Male,36,Islamabad,2015-08-07,,,101080,3,0,,Masters,11282.0,121,Active,2015,,Usman Zafar,36-45,3,Yes
10425,Engineering,Senior Engineer,Female,33,Karachi,2024-12-16,,,60491,1,0,,Bachelors,10011.0,7,Active,2024,,Fatima Iftikhar,26-35,5,Yes
10426,Marketing,SEO Analyst,Male,34,Lahore,2012-04-22,,,74134,3,0,,Bachelors,10501.0,161,Active,2012,,Nadia Farooq,26-35,3,Yes
10427,Product,Product Analyst,Female,43,Lahore,2017-12-07,,,114375,1,0,,Bachelors,10075.0,93,Active,2017,,Imran Anwar,36-45,5,Yes
10428,Engineering,Software Engineer,Female,28,Remote,2022-07-23,,,98747,5,1,2023-10-31,Bachelors,,36,Active,2022,,Zara Nawaz,26-35,1,Yes
10429,Engineering,Tech Lead,Female,29,Islamabad,2019-02-12,,,91781,4,0,,Bachelors,11185.0,78,Active,2019,,Hina Javed,26-35,2,Yes
10430,Sales,Sales Rep,Male,28,Karachi,2023-12-03,,,83951,3,1,2025-04-19,Masters,10132.0,20,Active,2023,,Adnan Yousaf,26-35,3,Yes
10431,Sales,Sales Rep,Male,34,Remote,2013-06-20,,,90061,3,1,2015-08-23,Masters,10223.0,147,Active,2013,,Ayesha Farooq,26-35,3,Yes
10432,Marketing,Marketing Manager,Male,39,Karachi,2015-04-24,,,60302,4,0,,Masters,10874.0,125,Active,2015,,Hamza Sheikh,36-45,2,Yes
10433,Marketing,SEO Analyst,Male,25,Lahore,2013-08-24,,,85821,5,1,2018-02-02,Bachelors,11294.0,145,Active,2013,,Rabia Qureshi,≤25,1,Yes
10434,Finance,Financial Analyst,Female,29,Karachi,2013-12-21,,,66579,2,0,,Bachelors,10241.0,141,Active,2013,,Imran Sheikh,26-35,4,Yes
10435,Customer Success,CS Manager,Female,36,Multicity,2019-04-01,,,105183,3,1,2023-05-22,Masters,11311.0,77,Active,2019,,Bilal Farooq,36-45,3,Yes
10436,Engineering,Tech Lead,Male,28,Karachi,2010-07-23,,,48179,3,0,,Masters,10682.0,182,Active,2010,,Amna Khan,26-35,3,Yes
10437,Sales,Sales Manager,Female,39,Multicity,2014-01-09,,,74071,2,0,,Masters,,140,Active,2014,,Hamza Sheikh,36-45,4,Yes
10438,Finance,Accountant,Female,22,Islamabad,2017-06-14,,,93667,4,0,,Masters,10686.0,99,Active,2017,,Maria Raza,≤25,2,Yes
10439,Finance,Accountant,Female,26,Karachi,2019-03-27,,,89381,3,0,,Masters,10038.0,77,Active,2019,,Ali Sheikh,26-35,3,Yes
10440,Engineering,Tech Lead,Female,41,Remote,2015-07-26,,,96829,5,0,,Bachelors,10768.0,121,Active,2015,,Hina Yousaf,36-45,1,Yes
10441,Operations,Operations Associate,Female,24,Lahore,2015-12-26,,,89198,4,0,,Masters,10644.0,116,Active,2015,,Fatima Farooq,≤25,2,Yes
10442,Operations,Operations Manager,Male,31,Lahore,2013-07-28,,,124234,3,0,,Diploma,10619.0,146,Active,2013,,Omar Javed,26-35,3,Yes
10443,Engineering,Tech Lead,Female,26,Islamabad,2012-06-04,,,54473,3,2,2013-07-25,Masters,,160,Active,2012,,Amna Qureshi,26-35,3,Yes
10444,Engineering,Tech Lead,Female,28,Islamabad,2018-07-31,,,120798,4,1,2020-05-19,Masters,11057.0,85,Active,2018,,Hina Khan,26-35,2,Yes
10445,Operations,Operations Associate,Male,37,Karachi,2010-11-14,,,80242,4,0,,Bachelors,10090.0,179,Active,2010,,Mahnoor Bhatti,36-45,2,Yes
10446,Operations,Operations Associate,Male,32,Remote,2020-07-22,2024-12-07,Involuntary,108427,3,0,,Bachelors,10429.0,53,Terminated,2020,2024.0,Imran Farooq,26-35,3,Yes
10447,Sales,Sales Rep,Male,38,Lahore,2014-12-28,,,95986,4,0,,Bachelors,10234.0,128,Active,2014,,Salman Raza,36-45,2,Yes
10448,Engineering,DevOps Engineer,Female,28,Karachi,2014-06-23,,,103368,3,0,,Bachelors,,135,Active,2014,,Maria Raza,26-35,3,Yes
10449,Customer Success,CS Manager,Male,36,Karachi,2020-04-28,,,76446,3,0,,Bachelors,11383.0,64,Active,2020,,Rabia Javed,36-45,3,Yes
10450,Engineering,QA Engineer,Male,31,Lahore,2017-11-04,2024-08-10,Retirement,101801,4,0,,Masters,10728.0,82,Terminated,2017,2024.0,Sana Butt,26-35,2,Yes
10451,Sales,Sales Rep,Female,30,Islamabad,2016-11-05,,,93694,5,0,,Masters,10269.0,106,Active,2016,,Ayesha Aslam,26-35,1,Yes
10452,Engineering,QA Engineer,Male,27,Karachi,2015-02-08,,,125976,4,0,,Bachelors,,127,Active,2015,,Omar Chaudhry,26-35,2,Yes
10453,Engineering,DevOps Engineer,Male,41,Lahore,2015-01-01,,,86862,5,0,,Bachelors,10665.0,128,Active,2015,,Ali Raza,36-45,1,Yes
10454,Finance,Financial Analyst,Male,29,Karachi,2010-07-13,,,81279,4,0,,Bachelors,11176.0,183,Active,2010,,Usman Hussain,26-35,2,Yes
10455,Engineering,Software Engineer,Male,41,Islamabad,2024-10-20,,,114379,3,0,,Bachelors,10944.0,9,Active,2024,,Ali Aslam,36-45,3,Yes
10456,HR,Recruiter,Male,37,Karachi,2014-05-02,2019-10-28,Voluntary,116223,3,0,,Masters,10891.0,66,Terminated,2014,2019.0,Rabia Farooq,36-45,3,Yes
10457,Marketing,SEO Analyst,Male,30,Karachi,2018-12-09,,,84983,2,0,,Diploma,10996.0,80,Active,2018,,Shahid Javed,26-35,4,Yes
10458,Engineering,DevOps Engineer,Male,37,Lahore,2017-05-13,,,124493,2,0,,Diploma,10222.0,100,Active,2017,,Salman Siddiqui,36-45,4,Yes
10459,Operations,Operations Manager,Male,28,Islamabad,2016-04-01,2018-10-09,Involuntary,108557,4,1,2021-06-25,Masters,10300.0,30,Terminated,2016,2018.0,Nadia Zafar,26-35,2,Yes
10460,Operations,Operations Manager,Male,43,Lahore,2011-07-23,,,100157,2,1,2016-05-17,Masters,11391.0,170,Active,2011,,Usman Nawaz,36-45,4,Yes
10461,Sales,Account Executive,Female,30,Remote,2016-04-05,,,73216,3,1,2020-09-08,Diploma,10261.0,113,Active,2016,,Zara Malik,26-35,3,Yes
10462,Legal,Legal Counsel,Male,25,Lahore,2017-11-16,2024-03-27,Involuntary,50673,3,0,,Masters,10481.0,77,Terminated,2017,2024.0,Usman Nawaz,≤25,3,Yes
10463,Finance,Finance Manager,Male,37,Karachi,2024-05-22,,,92954,3,0,,Bachelors,10972.0,14,Active,2024,,Adnan Hussain,36-45,3,Yes
10464,Engineering,DevOps Engineer,Male,31,Remote,2021-06-05,,,94464,2,1,2026-03-08,Bachelors,11327.0,50,Active,2021,,Imran Anwar,26-35,4,Yes
10465,Engineering,QA Engineer,Female,39,Multicity,2018-12-19,2020-08-02,Involuntary,88338,3,2,2022-07-09,Masters,10871.0,19,Terminated,2018,2020.0,Sana Zafar,36-45,3,Yes
10466,Operations,Operations Manager,Male,38,Lahore,2022-01-10,,,73727,3,0,,Bachelors,11183.0,43,Active,2022,,Omar Anwar,36-45,3,Yes
10467,Finance,Finance Manager,Male,36,Lahore,2017-06-05,,,104698,3,1,2020-06-25,Bachelors,10989.0,99,Active,2017,,Omar Raza,36-45,3,Yes
10468,Operations,Operations Associate,Female,34,Multicity,2010-08-15,2022-07-05,Contract End,64063,5,2,2015-12-27,Bachelors,11071.0,144,Terminated,2010,2022.0,Bilal Qureshi,26-35,1,Yes
10469,Product,Product Manager,Male,32,Islamabad,2012-08-02,,,88282,4,1,2017-06-02,Masters,10639.0,158,Active,2012,,Omar Farooq,26-35,2,Yes
10470,Operations,Operations Manager,Male,33,Karachi,2015-11-10,,,60161,5,1,2020-01-28,Masters,10603.0,118,Active,2015,,Omar Qureshi,26-35,1,Yes
10471,Sales,Sales Rep,Female,49,Lahore,2014-01-02,,,111509,4,0,,Bachelors,11184.0,140,Active,2014,,Rabia Raza,46-55,2,Yes
10472,Engineering,Software Engineer,Female,36,Karachi,2023-01-09,,,64785,1,1,2026-09-27,Bachelors,10569.0,31,Active,2023,,Hamza Bhatti,36-45,5,Yes
10473,Sales,Sales Manager,Male,42,Remote,2015-12-15,2017-04-14,Involuntary,103464,5,0,,Masters,10757.0,16,Terminated,2015,2017.0,Maria Qureshi,36-45,1,Yes
10474,Customer Success,CS Associate,Female,31,Karachi,2010-11-10,,,89608,3,0,,Bachelors,,179,Active,2010,,Bilal Nawaz,26-35,3,Yes
10475,Product,Product Manager,Female,31,Islamabad,2012-06-07,,,72990,3,1,2017-02-19,Bachelors,10431.0,160,Active,2012,,Mahnoor Farooq,26-35,3,Yes
10476,Marketing,SEO Analyst,Male,44,Karachi,2023-05-20,,,97893,2,0,,Bachelors,10975.0,26,Active,2023,,Bilal Aslam,36-45,4,Yes
10477,Customer Success,CS Manager,Male,29,Islamabad,2019-09-30,,,67796,2,1,2023-03-08,Bachelors,,71,Active,2019,,Sana Javed,26-35,4,Yes
10478,Finance,Finance Manager,Male,22,Lahore,2017-10-02,,,67874,2,0,,Bachelors,10884.0,95,Active,2017,,Salman Qureshi,≤25,4,Yes
10479,Operations,Operations Manager,Male,38,Karachi,2017-01-13,2024-06-15,Voluntary,82543,3,1,2021-10-26,Masters,11205.0,90,Terminated,2017,2024.0,Adnan Javed,36-45,3,Yes
10480,Customer Success,CS Associate,Female,45,Multicity,2019-10-15,,,82007,1,1,2020-10-31,Masters,10200.0,70,Active,2019,,Salman Anwar,36-45,5,Yes
10481,Marketing,Marketing Manager,Male,23,Karachi,2023-08-07,,,54784,2,1,2024-09-23,Masters,11216.0,24,Active,2023,,Ayesha Nawaz,≤25,4,Yes
10482,Operations,Operations Associate,Female,22,Islamabad,2021-06-21,,,115252,2,1,2025-11-10,Bachelors,11326.0,50,Active,2021,,Shahid Shah,≤25,4,Yes
10483,Marketing,Marketing Specialist,Female,29,Islamabad,2012-08-05,,,141164,3,0,,Diploma,10566.0,158,Active,2012,,Mahnoor Nawaz,26-35,3,Yes
10484,Customer Success,CS Associate,Male,33,Islamabad,2018-08-22,,,76241,2,0,,Bachelors,,84,Active,2018,,Omar Sheikh,26-35,4,Yes
10485,Sales,Account Executive,Male,47,Karachi,2022-12-07,,,114167,3,1,2026-02-18,Bachelors,10294.0,32,Active,2022,,Omar Malik,46-55,3,Yes
10486,Marketing,SEO Analyst,Male,38,Islamabad,2014-04-07,,,78976,4,0,,Bachelors,11170.0,137,Active,2014,,Mahnoor Bhatti,36-45,2,Yes
10487,Operations,Operations Manager,Male,40,Lahore,2015-09-18,,,77015,1,1,2016-12-03,Masters,11433.0,120,Active,2015,,Ali Chaudhry,36-45,5,Yes
10488,Sales,Account Executive,Female,21,Lahore,2010-12-30,,,106019,3,0,,Bachelors,10143.0,177,Active,2010,,Maria Qureshi,≤25,3,Yes
10489,Marketing,Marketing Specialist,Male,27,Islamabad,2019-10-13,,,52669,2,0,,Bachelors,,70,Active,2019,,Shahid Hussain,26-35,4,Yes
10490,Sales,Account Executive,Male,36,Islamabad,2010-01-14,,,62691,2,3,2014-01-12,Masters,10941.0,189,Active,2010,,Hamza Ahmed,36-45,4,Yes
10491,Customer Success,CS Associate,Female,46,Karachi,2021-08-30,2023-11-24,Involuntary,68466,3,1,2024-11-05,Masters,10735.0,27,Terminated,2021,2023.0,Hamza Farooq,46-55,3,Yes
10492,Finance,Finance Manager,Male,41,Karachi,2022-01-28,2022-04-19,Involuntary,83916,3,0,,Bachelors,11107.0,2,Terminated,2022,2022.0,Bilal Farooq,36-45,3,Yes
10493,Operations,Operations Manager,Male,46,Remote,2014-06-03,,,120865,5,0,,Bachelors,11476.0,135,Active,2014,,Omar Chaudhry,46-55,1,Yes
10494,Engineering,Software Engineer,Male,23,Islamabad,2018-03-03,,,76511,5,0,,Masters,11186.0,90,Active,2018,,Fatima Siddiqui,≤25,1,Yes
10495,Sales,Sales Rep,Male,33,Karachi,2019-09-04,,,54631,3,0,,PhD,11436.0,71,Active,2019,,Nadia Siddiqui,26-35,3,Yes
10496,Operations,Operations Associate,Male,40,Karachi,2011-07-28,,,86101,4,1,2015-02-16,Masters,10130.0,170,Active,2011,,Fatima Shah,36-45,2,Yes
10497,Customer Success,CS Manager,Male,31,Lahore,2024-11-24,,,117810,2,0,,Bachelors,11389.0,8,Active,2024,,Bilal Iftikhar,26-35,4,Yes
10498,HR,HR Specialist,Female,32,Lahore,2017-05-28,2019-11-17,Involuntary,125445,3,0,,Bachelors,10289.0,30,Terminated,2017,2019.0,Ayesha Butt,26-35,3,Yes
10499,Customer Success,CS Manager,Female,39,Lahore,2023-12-23,,,105562,5,0,,Bachelors,11294.0,19,Active,2023,,Bilal Javed,36-45,1,Yes
10500,Operations,Operations Associate,Male,26,Lahore,2017-01-15,2019-02-18,Retirement,96036,4,1,2021-05-14,Masters,10974.0,25,Terminated,2017,2019.0,Zara Sheikh,26-35,2,Yes
10501,Operations,Operations Associate,Male,32,Karachi,2024-11-17,,,85927,3,0,,Bachelors,11221.0,8,Active,2024,,Hina Hussain,26-35,3,Yes
10502,Engineering,QA Engineer,Female,35,Karachi,2012-10-17,,,95578,3,0,,Bachelors,10393.0,155,Active,2012,,Shahid Sheikh,26-35,3,Yes
10503,Engineering,DevOps Engineer,Female,39,Islamabad,2016-09-26,,,83936,5,0,,Bachelors,11282.0,107,Active,2016,,Sana Yousaf,36-45,1,Yes
10504,Operations,Operations Manager,Male,29,Karachi,2021-05-17,2024-02-12,Voluntary,89720,2,0,,Diploma,10745.0,33,Terminated,2021,2024.0,Ali Sheikh,26-35,4,Yes
10505,Sales,Account Executive,Male,21,Islamabad,2016-12-08,,,107681,3,0,,Bachelors,11100.0,105,Active,2016,,Ayesha Raza,≤25,3,Yes
10506,Engineering,Software Engineer,Male,34,Karachi,2024-12-16,,,101747,4,0,,Bachelors,10407.0,7,Active,2024,,Bilal Nawaz,26-35,2,Yes
10507,Customer Success,CS Associate,Male,22,Karachi,2019-02-28,,,79419,3,2,2022-06-21,Masters,10451.0,78,Active,2019,,Nadia Iftikhar,≤25,3,Yes
10508,Engineering,DevOps Engineer,Male,25,Remote,2017-04-26,2024-03-26,Voluntary,111341,3,0,,Bachelors,11294.0,84,Terminated,2017,2024.0,Sana Farooq,≤25,3,Yes
10509,Sales,Account Executive,Male,36,Karachi,2019-01-10,,,89287,2,0,,Bachelors,10939.0,79,Active,2019,,Ali Chaudhry,36-45,4,Yes
10510,HR,Recruiter,Male,27,Karachi,2016-08-19,2023-11-14,Contract End,83695,5,0,,Bachelors,10470.0,88,Terminated,2016,2023.0,Zara Farooq,26-35,1,Yes
10511,Engineering,DevOps Engineer,Male,27,Multicity,2022-06-08,,,83795,4,1,2024-12-30,Bachelors,10505.0,38,Active,2022,,Nadia Iftikhar,26-35,2,Yes
10512,Sales,Account Executive,Female,25,Remote,2012-11-08,,,91234,2,1,2017-01-25,Masters,10090.0,154,Active,2012,,Omar Qureshi,≤25,4,Yes
10513,Engineering,QA Engineer,Female,34,Lahore,2014-04-21,,,92659,3,0,,Masters,10200.0,137,Active,2014,,Usman Qureshi,26-35,3,Yes
10514,Finance,Financial Analyst,Male,32,Islamabad,2019-06-07,,,73420,3,0,,Bachelors,10489.0,74,Active,2019,,Maria Malik,26-35,3,Yes
10515,Operations,Operations Associate,Male,36,Islamabad,2024-11-30,,,108079,3,0,,Bachelors,10931.0,8,Active,2024,,Salman Sheikh,36-45,3,Yes
10516,Finance,Financial Analyst,Female,45,Lahore,2018-07-03,,,69313,3,0,,Bachelors,11284.0,86,Active,2018,,Salman Iftikhar,36-45,3,Yes
10517,Engineering,Tech Lead,Male,33,Karachi,2013-11-26,,,85440,4,1,2018-05-03,Bachelors,11402.0,142,Active,2013,,Hassan Malik,26-35,2,Yes
10518,Engineering,Tech Lead,Female,28,Karachi,2023-10-22,,,84016,4,0,,Masters,10748.0,21,Active,2023,,Usman Qureshi,26-35,2,Yes
10519,Finance,Financial Analyst,Male,41,Karachi,2022-10-07,,,74633,2,0,,Masters,10685.0,34,Active,2022,,Ali Anwar,36-45,4,Yes
10520,Sales,Sales Rep,Female,35,Islamabad,2016-10-01,,,84953,4,2,2021-09-09,Bachelors,10461.0,107,Active,2016,,Ayesha Hussain,26-35,2,Yes
10521,Sales,Account Executive,Male,35,Lahore,2019-02-09,2023-05-16,Voluntary,89362,3,1,2023-01-22,Masters,11089.0,51,Terminated,2019,2023.0,Mahnoor Shah,26-35,3,Yes
10522,Operations,Operations Manager,Male,32,Lahore,2022-04-16,,,75283,4,1,2023-08-28,Bachelors,10178.0,40,Active,2022,,Adnan Iftikhar,26-35,2,Yes
10523,Engineering,Senior Engineer,Male,26,Multicity,2010-01-04,2016-04-12,Voluntary,99892,2,0,,Bachelors,11284.0,76,Terminated,2010,2016.0,Ali Anwar,26-35,4,Yes
10524,Engineering,QA Engineer,Female,30,Lahore,2016-10-25,2020-10-14,Voluntary,122969,4,2,2017-12-07,Bachelors,10475.0,48,Terminated,2016,2020.0,Sana Aslam,26-35,2,Yes
10525,Customer Success,CS Associate,Male,21,Karachi,2016-06-08,,,94013,3,1,2020-10-05,Masters,11123.0,111,Active,2016,,Shahid Anwar,≤25,3,Yes
10526,Finance,Accountant,Female,41,Remote,2014-09-18,,,100735,4,0,,Bachelors,10590.0,132,Active,2014,,Zara Siddiqui,36-45,2,Yes
10527,Customer Success,CS Manager,Male,33,Karachi,2019-08-23,,,107055,4,0,,Bachelors,10373.0,72,Active,2019,,Imran Nawaz,26-35,2,Yes
10528,Product,Product Manager,Male,39,Karachi,2023-01-04,,,103127,3,0,,Bachelors,10420.0,31,Active,2023,,Nadia Javed,36-45,3,Yes
10529,Marketing,Marketing Specialist,Female,30,Multicity,2023-08-10,,,81927,3,0,,Diploma,10248.0,24,Active,2023,,Hina Ahmed,26-35,3,Yes
10530,Product,Product Analyst,Female,35,Islamabad,2024-09-07,,,105218,5,0,,Bachelors,,10,Active,2024,,Salman Nawaz,26-35,1,Yes
10531,Marketing,Marketing Manager,Male,47,Islamabad,2017-03-24,,,68649,3,0,,Diploma,,101,Active,2017,,Hassan Raza,46-55,3,Yes
10532,Marketing,Marketing Specialist,Female,34,Islamabad,2020-06-06,,,94825,3,0,,Bachelors,10082.0,62,Active,2020,,Ayesha Malik,26-35,3,Yes
10533,Engineering,DevOps Engineer,Male,32,Karachi,2019-11-29,,,109047,3,1,2022-11-29,Bachelors,11313.0,69,Active,2019,,Sana Shah,26-35,3,Yes
10534,Engineering,DevOps Engineer,Male,25,Remote,2019-12-02,,,108566,1,1,2023-12-08,Masters,10178.0,68,Active,2019,,Hamza Nawaz,≤25,5,Yes
10535,Product,Product Analyst,Male,41,Karachi,2014-10-17,,,141791,5,1,2019-07-13,Bachelors,10875.0,131,Active,2014,,Sana Hussain,36-45,1,Yes
10536,Sales,Account Executive,Male,34,Karachi,2021-06-19,,,82937,3,0,,Bachelors,10909.0,50,Active,2021,,Hamza Raza,26-35,3,Yes
10537,Customer Success,CS Associate,Female,34,Karachi,2020-08-12,,,96084,5,0,,Bachelors,10285.0,60,Active,2020,,Amna Sheikh,26-35,1,Yes
10538,Customer Success,CS Manager,Male,25,Karachi,2013-10-22,,,112798,3,0,,Bachelors,,143,Active,2013,,Nadia Iftikhar,≤25,3,Yes
10539,Marketing,SEO Analyst,Male,31,Lahore,2024-10-11,,,116119,3,0,,Bachelors,10280.0,9,Active,2024,,Hamza Shah,26-35,3,Yes
10540,Engineering,QA Engineer,Male,42,Lahore,2011-11-26,,,99543,3,0,,Bachelors,10949.0,166,Active,2011,,Hina Siddiqui,36-45,3,Yes
10541,Sales,Sales Rep,Male,36,Karachi,2016-05-13,,,73202,4,1,2018-01-22,Masters,10854.0,112,Active,2016,,Ayesha Butt,36-45,2,Yes
10542,Engineering,Senior Engineer,Male,29,Islamabad,2021-07-24,,,91786,5,0,,Bachelors,10984.0,48,Active,2021,,Amna Siddiqui,26-35,1,Yes
10543,Marketing,SEO Analyst,Female,44,Lahore,2024-11-21,,,83554,2,0,,Bachelors,10531.0,8,Active,2024,,Fatima Aslam,36-45,4,Yes
10544,Engineering,Software Engineer,Male,22,Lahore,2024-03-13,,,124877,3,1,2025-06-29,Bachelors,10729.0,16,Active,2024,,Amna Zafar,≤25,3,Yes
10545,Engineering,Tech Lead,Male,33,Remote,2023-11-21,,,102711,4,0,,Bachelors,10342.0,20,Active,2023,,Bilal Iftikhar,26-35,2,Yes
10546,Marketing,SEO Analyst,Female,24,Islamabad,2017-07-08,,,113754,4,1,2022-05-17,Bachelors,10720.0,98,Active,2017,,Bilal Ahmed,≤25,2,Yes
10547,Customer Success,CS Manager,Male,34,Karachi,2012-02-05,,,84822,3,0,,Diploma,10446.0,164,Active,2012,,Usman Siddiqui,26-35,3,Yes
10548,Engineering,Senior Engineer,Female,29,Islamabad,2015-04-09,,,115551,4,0,,Diploma,11459.0,125,Active,2015,,Shahid Aslam,26-35,2,Yes
10549,Marketing,Marketing Specialist,Male,33,Remote,2016-12-17,2018-07-07,Retirement,128779,3,0,,Bachelors,10905.0,18,Terminated,2016,2018.0,Hina Sheikh,26-35,3,Yes
10550,Product,Product Analyst,Male,40,Karachi,2015-01-15,,,63665,2,2,2016-10-04,Masters,10464.0,128,Active,2015,,Salman Farooq,36-45,4,Yes
10551,Sales,Sales Rep,Male,37,Karachi,2014-06-20,,,112194,4,0,,Bachelors,10883.0,135,Active,2014,,Fatima Yousaf,36-45,2,Yes
10552,Engineering,Software Engineer,Male,34,Islamabad,2013-04-22,,,113008,3,0,,PhD,10617.0,149,Active,2013,,Shahid Nawaz,26-35,3,Yes
10553,Operations,Operations Associate,Female,32,Remote,2010-07-20,,,70509,5,0,,Bachelors,10185.0,183,Active,2010,,Mahnoor Aslam,26-35,1,Yes
10554,Engineering,Tech Lead,Female,33,Karachi,2011-01-14,2022-05-07,Involuntary,122012,4,0,,Bachelors,11184.0,137,Terminated,2011,2022.0,Rabia Ahmed,26-35,2,Yes
10555,Customer Success,CS Manager,Female,29,Multicity,2015-06-29,2024-01-11,Voluntary,88189,5,2,2017-01-16,Diploma,,103,Terminated,2015,2024.0,Amna Siddiqui,26-35,1,Yes
10556,Legal,Legal Counsel,Male,29,Lahore,2020-08-28,,,105012,5,2,2022-09-02,Masters,,59,Active,2020,,Shahid Bhatti,26-35,1,Yes
10557,HR,HR Manager,Male,26,Karachi,2023-09-17,,,111720,2,1,2025-04-29,Bachelors,10739.0,22,Active,2023,,Hina Shah,26-35,4,Yes
10558,Operations,Operations Associate,Male,35,Lahore,2011-08-20,,,126764,3,0,,Masters,10909.0,169,Active,2011,,Rabia Yousaf,26-35,3,Yes
10559,Sales,Account Executive,Male,21,Remote,2020-03-19,,,84075,2,0,,Masters,11390.0,65,Active,2020,,Amna Ahmed,≤25,4,Yes
10560,Sales,Sales Rep,Other,25,Lahore,2019-04-19,2024-04-16,Voluntary,68644,4,1,2020-12-18,Bachelors,11209.0,60,Terminated,2019,2024.0,Hassan Iftikhar,≤25,2,Yes
10561,Product,Product Manager,Male,39,Multicity,2024-02-16,,,124212,3,1,2027-05-23,Bachelors,11485.0,17,Active,2024,,Hamza Nawaz,36-45,3,Yes
10562,Finance,Finance Manager,Female,32,Lahore,2022-11-29,,,86624,4,1,2026-02-25,Bachelors,10828.0,32,Active,2022,,Hina Bhatti,26-35,2,Yes
10563,Product,Product Analyst,Male,33,Lahore,2014-05-12,2019-12-06,Voluntary,113238,4,0,,Bachelors,10108.0,67,Terminated,2014,2019.0,Sana Bhatti,26-35,2,Yes
10564,Customer Success,CS Associate,Female,35,Multicity,2018-08-12,,,113270,4,0,,Bachelors,10197.0,84,Active,2018,,Shahid Bhatti,26-35,2,Yes
10565,Customer Success,CS Associate,Female,39,Karachi,2021-02-01,,,100022,3,1,2023-07-21,Bachelors,11107.0,54,Active,2021,,Zara Iftikhar,36-45,3,Yes
10566,Marketing,Marketing Specialist,Other,21,Remote,2018-12-18,2024-02-03,Voluntary,103558,3,0,,Bachelors,11140.0,62,Terminated,2018,2024.0,Fatima Raza,≤25,3,Yes
10567,Operations,Operations Manager,Female,43,Karachi,2015-06-22,,,82960,3,0,,Bachelors,11165.0,123,Active,2015,,Hina Malik,36-45,3,Yes
10568,Operations,Operations Manager,Male,32,Remote,2013-04-23,,,109057,3,0,,Bachelors,,149,Active,2013,,Shahid Butt,26-35,3,Yes
10569,Operations,Operations Manager,Female,41,Karachi,2024-09-18,2024-11-10,Voluntary,124992,3,1,2029-11-15,Bachelors,11280.0,1,Terminated,2024,2024.0,Nadia Ahmed,36-45,3,Yes
10570,Sales,Sales Rep,Male,26,Multicity,2010-02-15,,,90603,2,0,,Bachelors,10639.0,188,Active,2010,,Hina Iftikhar,26-35,4,Yes
10571,Marketing,Marketing Manager,Male,48,Karachi,2012-05-23,,,86482,1,1,2015-03-21,Bachelors,10865.0,160,Active,2012,,Shahid Javed,46-55,5,Yes
10572,Marketing,SEO Analyst,Male,33,Islamabad,2019-07-15,,,123901,5,0,,Bachelors,11172.0,73,Active,2019,,Amna Qureshi,26-35,1,Yes
10573,Engineering,QA Engineer,Male,32,Islamabad,2014-11-28,,,96313,3,0,,Masters,11259.0,129,Active,2014,,Hamza Bhatti,26-35,3,Yes
10574,Sales,Account Executive,Male,28,Islamabad,2013-12-11,,,89259,2,0,,Masters,10543.0,141,Active,2013,,Fatima Shah,26-35,4,Yes
10575,Engineering,DevOps Engineer,Male,31,Karachi,2021-08-14,,,58643,2,0,,Masters,10689.0,48,Active,2021,,Imran Khan,26-35,4,Yes
10576,Sales,Sales Manager,Female,22,Lahore,2020-06-02,,,105201,4,0,,Masters,10614.0,62,Active,2020,,Hassan Malik,≤25,2,Yes
10577,Finance,Finance Manager,Male,31,Lahore,2011-02-16,,,90137,3,0,,Masters,10038.0,176,Active,2011,,Fatima Shah,26-35,3,Yes
10578,Operations,Operations Associate,Female,30,Karachi,2022-07-03,,,74957,4,1,2026-02-14,Bachelors,11258.0,37,Active,2022,,Sana Siddiqui,26-35,2,Yes
10579,Legal,Legal Counsel,Female,21,Islamabad,2015-08-04,2017-12-02,Voluntary,92301,2,1,2017-06-07,Masters,10891.0,28,Terminated,2015,2017.0,Hina Iftikhar,≤25,4,Yes
10580,HR,HR Specialist,Female,34,Remote,2012-09-21,,,74961,3,0,,Bachelors,10483.0,156,Active,2012,,Shahid Raza,26-35,3,Yes
10581,HR,HR Specialist,Male,33,Karachi,2020-03-28,,,46756,3,1,2023-12-17,Bachelors,11324.0,65,Active,2020,,Bilal Butt,26-35,3,Yes
10582,Product,Product Manager,Male,30,Karachi,2012-12-28,,,76942,4,0,,Masters,10086.0,153,Active,2012,,Shahid Chaudhry,26-35,2,Yes
10583,Product,Product Analyst,Female,21,Karachi,2020-06-03,,,58317,3,1,2023-02-03,Masters,,62,Active,2020,,Hina Butt,≤25,3,Yes
10584,HR,Recruiter,Female,21,Remote,2024-12-21,,,107901,4,2,2026-10-04,Bachelors,11024.0,7,Active,2024,,Rabia Anwar,≤25,2,Yes
10585,Product,Product Analyst,Male,34,Karachi,2021-11-30,,,77705,4,1,2024-09-01,Bachelors,10798.0,44,Active,2021,,Omar Farooq,26-35,2,Yes
10586,Customer Success,CS Manager,Female,27,Karachi,2022-07-15,,,45817,3,0,,Bachelors,11207.0,37,Active,2022,,Usman Nawaz,26-35,3,Yes
10587,Engineering,DevOps Engineer,Male,31,Remote,2023-05-10,,,80256,3,1,2028-03-07,Bachelors,10296.0,27,Active,2023,,Hina Ahmed,26-35,3,Yes
10588,Sales,Sales Manager,Male,31,Karachi,2017-02-12,,,77000,5,1,2018-04-24,Masters,10111.0,103,Active,2017,,Hamza Raza,26-35,1,Yes
10589,Operations,Operations Associate,Male,25,Lahore,2019-12-05,,,118219,4,0,,PhD,11095.0,68,Active,2019,,Amna Butt,≤25,2,Yes
10590,Legal,Legal Counsel,Male,34,Remote,2023-09-28,,,105179,5,1,2026-03-04,Bachelors,,22,Active,2023,,Rabia Qureshi,26-35,1,Yes
10591,Customer Success,CS Associate,Male,33,Remote,2021-04-28,,,75104,4,0,,Masters,10832.0,51,Active,2021,,Hamza Chaudhry,26-35,2,Yes
10592,Customer Success,CS Associate,Female,32,Remote,2019-07-28,,,85838,3,0,,Bachelors,11469.0,73,Active,2019,,Imran Siddiqui,26-35,3,Yes
10593,HR,HR Specialist,Female,51,Islamabad,2022-04-16,,,80287,3,0,,Masters,10669.0,40,Active,2022,,Hassan Khan,46-55,3,Yes
10594,Finance,Financial Analyst,Female,34,Islamabad,2020-01-01,,,69446,3,0,,Masters,10409.0,67,Active,2020,,Ali Javed,26-35,3,Yes
10595,Operations,Operations Manager,Female,38,Karachi,2013-07-27,,,115746,4,1,2018-11-15,Masters,11216.0,146,Active,2013,,Omar Farooq,36-45,2,Yes
10596,Operations,Operations Manager,Male,45,Remote,2020-08-24,2021-09-13,Involuntary,75091,4,0,,Masters,10848.0,12,Terminated,2020,2021.0,Hassan Zafar,36-45,2,Yes
10597,Sales,Account Executive,Female,40,Remote,2020-02-04,,,76588,3,0,,Diploma,,66,Active,2020,,Amna Raza,36-45,3,Yes
10598,Operations,Operations Associate,Female,36,Multicity,2015-10-25,,,99774,4,2,2017-10-04,Bachelors,11229.0,118,Active,2015,,Imran Raza,36-45,2,Yes
10599,Sales,Sales Rep,Female,38,Karachi,2015-07-19,,,55029,1,0,,Bachelors,10929.0,122,Active,2015,,Bilal Khan,36-45,5,Yes
10600,Customer Success,CS Associate,Male,44,Islamabad,2024-04-20,,,105591,4,1,2029-09-07,Bachelors,10782.0,15,Active,2024,,Salman Chaudhry,36-45,2,Yes
10601,Engineering,Senior Engineer,Female,31,Multicity,2016-03-21,,,75711,4,0,,Bachelors,10298.0,114,Active,2016,,Hassan Farooq,26-35,2,Yes
10602,Engineering,Tech Lead,Male,30,Lahore,2021-09-10,,,115593,3,0,,Masters,10960.0,47,Active,2021,,Salman Zafar,26-35,3,Yes
10603,Engineering,Tech Lead,Female,33,Lahore,2020-11-13,,,96773,3,0,,Bachelors,10149.0,57,Active,2020,,Hina Qureshi,26-35,3,Yes
10604,Engineering,Software Engineer,Male,29,Remote,2024-01-22,,,95816,3,0,,Masters,11225.0,18,Active,2024,,Omar Sheikh,26-35,3,Yes
10605,Operations,Operations Associate,Male,40,Lahore,2015-05-14,,,66332,5,0,,Masters,11145.0,124,Active,2015,,Sana Hussain,36-45,1,Yes
10606,Engineering,Senior Engineer,Male,24,Lahore,2016-02-28,,,88151,4,1,2017-11-24,Bachelors,10886.0,114,Active,2016,,Shahid Ahmed,≤25,2,Yes
10607,Engineering,Software Engineer,Male,27,Multicity,2019-11-13,,,108481,5,0,,Bachelors,10880.0,69,Active,2019,,Nadia Bhatti,26-35,1,Yes
10608,Sales,Account Executive,Female,33,Islamabad,2011-09-27,,,80486,3,1,2013-08-29,Bachelors,,168,Active,2011,,Shahid Raza,26-35,3,Yes
10609,Customer Success,CS Manager,Female,25,Remote,2016-05-29,,,82764,3,0,,Bachelors,10375.0,111,Active,2016,,Hamza Butt,≤25,3,Yes
10610,Engineering,Tech Lead,Male,31,Lahore,2015-04-05,2025-05-18,Retirement,131973,1,0,,Bachelors,10993.0,123,Terminated,2015,2025.0,Hassan Ahmed,26-35,5,Yes
10611,Finance,Financial Analyst,Female,32,Remote,2016-02-04,2017-03-23,Voluntary,94580,3,1,2018-01-13,Masters,11153.0,13,Terminated,2016,2017.0,Zara Javed,26-35,3,Yes
10612,Product,Product Manager,Female,22,Multicity,2017-07-14,,,60274,3,0,,Bachelors,11020.0,98,Active,2017,,Ayesha Butt,≤25,3,Yes
10613,Operations,Operations Manager,Male,24,Islamabad,2017-03-04,,,92859,3,0,,Bachelors,,102,Active,2017,,Maria Iftikhar,≤25,3,Yes
10614,Customer Success,CS Manager,Male,44,Lahore,2022-02-11,,,95009,3,1,2026-08-20,Diploma,10011.0,42,Active,2022,,Hina Butt,36-45,3,Yes
10615,Sales,Sales Rep,Female,25,Multicity,2011-10-23,,,72532,4,0,,Masters,,167,Active,2011,,Ayesha Malik,≤25,2,Yes
10616,Marketing,Marketing Specialist,Female,31,Remote,2013-02-07,,,80558,4,0,,Masters,11233.0,151,Active,2013,,Amna Iftikhar,26-35,2,Yes
10617,HR,Recruiter,Male,33,Karachi,2013-05-20,,,99879,3,0,,Bachelors,10795.0,148,Active,2013,,Ali Ahmed,26-35,3,Yes
10618,Customer Success,CS Associate,Female,25,Multicity,2015-03-10,2018-08-13,Voluntary,94785,3,0,,Masters,11402.0,41,Terminated,2015,2018.0,Adnan Hussain,≤25,3,Yes
10619,Marketing,SEO Analyst,Female,31,Remote,2018-08-04,,,136683,3,0,,Masters,11153.0,85,Active,2018,,Maria Butt,26-35,3,Yes
10620,Marketing,Marketing Specialist,Female,40,Remote,2013-06-05,,,129167,3,0,,Bachelors,10699.0,148,Active,2013,,Hamza Bhatti,36-45,3,Yes
10621,Product,Product Manager,Female,29,Islamabad,2014-10-19,,,64483,3,0,,Masters,10958.0,131,Active,2014,,Zara Butt,26-35,3,Yes
10622,Finance,Accountant,Male,51,Multicity,2011-06-11,,,59941,3,0,,Bachelors,11164.0,172,Active,2011,,Hina Chaudhry,46-55,3,Yes
10623,Engineering,Software Engineer,Female,34,Lahore,2019-04-22,,,135382,3,1,2022-11-28,Masters,10518.0,76,Active,2019,,Salman Chaudhry,26-35,3,Yes
10624,Sales,Sales Manager,Male,30,Lahore,2019-02-22,2024-05-31,Voluntary,95602,2,1,2022-05-06,Bachelors,11442.0,64,Terminated,2019,2024.0,Omar Ahmed,26-35,4,Yes
10625,Sales,Sales Manager,Female,32,Islamabad,2017-06-03,,,66548,4,1,2020-05-02,Diploma,10383.0,99,Active,2017,,Sana Iftikhar,26-35,2,Yes
10626,Engineering,Software Engineer,Female,34,Islamabad,2022-03-04,,,120918,2,0,,Bachelors,10238.0,41,Active,2022,,Maria Yousaf,26-35,4,Yes
10627,Engineering,QA Engineer,Male,26,Lahore,2020-06-13,,,86925,4,1,2025-07-08,Bachelors,11263.0,62,Active,2020,,Shahid Zafar,26-35,2,Yes
10628,Sales,Sales Manager,Female,21,Islamabad,2019-04-30,,,152755,2,0,,Bachelors,10032.0,76,Active,2019,,Rabia Raza,≤25,4,Yes
10629,Operations,Operations Associate,Female,41,Karachi,2011-05-26,,,83262,4,1,2014-11-03,Masters,11103.0,172,Active,2011,,Imran Hussain,36-45,2,Yes
10630,Engineering,Tech Lead,Female,41,Karachi,2014-08-22,,,95911,2,1,2016-06-29,Masters,10993.0,133,Active,2014,,Hassan Yousaf,36-45,4,Yes
10631,Finance,Accountant,Female,32,Karachi,2019-06-04,,,110071,4,0,,Bachelors,11291.0,75,Active,2019,,Imran Ahmed,26-35,2,Yes
10632,Customer Success,CS Associate,Female,37,Remote,2018-09-26,,,93895,3,0,,Bachelors,10998.0,83,Active,2018,,Hamza Sheikh,36-45,3,Yes
10633,HR,HR Manager,Female,46,Islamabad,2023-02-06,,,85172,4,1,2026-11-01,Bachelors,10038.0,30,Active,2023,,Ayesha Iftikhar,46-55,2,Yes
10634,HR,Recruiter,Female,30,Karachi,2010-06-10,,,75058,4,0,,Bachelors,11323.0,184,Active,2010,,Bilal Hussain,26-35,2,Yes
10635,Sales,Sales Manager,Male,28,Karachi,2022-11-30,,,107248,3,0,,Bachelors,11203.0,32,Active,2022,,Hamza Khan,26-35,3,Yes
10636,Product,Product Analyst,Female,29,Remote,2018-07-14,,,107132,3,0,,Masters,10799.0,85,Active,2018,,Hamza Qureshi,26-35,3,Yes
10637,Product,Product Analyst,Female,38,Islamabad,2020-09-12,,,100324,4,1,2023-04-13,Masters,10988.0,59,Active,2020,,Hina Shah,36-45,2,Yes
10638,Engineering,Senior Engineer,Male,38,Lahore,2010-02-18,,,115086,5,0,,Bachelors,11140.0,188,Active,2010,,Hina Khan,36-45,1,Yes
10639,Engineering,Software Engineer,Male,37,Karachi,2017-11-21,,,108993,2,0,,Masters,10130.0,93,Active,2017,,Bilal Chaudhry,36-45,4,Yes
10640,Sales,Sales Rep,Female,32,Karachi,2016-09-12,,,72363,3,0,,Bachelors,10095.0,108,Active,2016,,Ayesha Iftikhar,26-35,3,Yes
10641,Customer Success,CS Associate,Female,21,Remote,2018-09-30,,,57349,4,0,,Bachelors,10896.0,83,Active,2018,,Omar Yousaf,≤25,2,Yes
10642,Customer Success,CS Manager,Female,27,Islamabad,2019-05-26,,,83841,4,2,2020-12-19,Masters,10215.0,75,Active,2019,,Fatima Hussain,26-35,2,Yes
10643,Engineering,Software Engineer,Female,33,Remote,2022-01-27,,,112172,3,0,,Bachelors,10203.0,42,Active,2022,,Bilal Malik,26-35,3,Yes
10644,Engineering,Tech Lead,Male,33,Karachi,2022-04-01,,,83658,3,1,2025-07-30,Masters,10970.0,40,Active,2022,,Nadia Iftikhar,26-35,3,Yes
10645,Sales,Sales Manager,Male,21,Karachi,2023-07-13,,,74746,3,0,,Masters,11084.0,25,Active,2023,,Hassan Anwar,≤25,3,Yes
10646,HR,HR Specialist,Male,39,Lahore,2014-12-12,,,77402,4,1,2018-11-03,Masters,10060.0,129,Active,2014,,Fatima Raza,36-45,2,Yes
10647,Finance,Financial Analyst,Female,31,Lahore,2020-12-13,2022-12-05,Voluntary,102667,5,0,,Bachelors,10075.0,24,Terminated,2020,2022.0,Adnan Iftikhar,26-35,1,Yes
10648,Operations,Operations Associate,Female,37,Karachi,2014-12-03,,,65215,4,1,2019-08-16,Masters,,129,Active,2014,,Sana Shah,36-45,2,Yes
10649,HR,HR Manager,Female,42,Remote,2016-02-14,,,63824,3,0,,Bachelors,11080.0,115,Active,2016,,Bilal Anwar,36-45,3,Yes
10650,Operations,Operations Associate,Female,33,Lahore,2019-10-11,,,110074,3,0,,Masters,11428.0,70,Active,2019,,Hassan Yousaf,26-35,3,Yes
10651,Sales,Sales Manager,Male,45,Karachi,2020-11-22,,,114779,1,0,,Bachelors,10258.0,57,Active,2020,,Amna Anwar,36-45,5,Yes
10652,Marketing,Marketing Manager,Male,25,Karachi,2010-08-26,,,105644,3,1,2015-11-23,Masters,11105.0,181,Active,2010,,Fatima Anwar,≤25,3,Yes
10653,Marketing,Marketing Specialist,Female,34,Karachi,2018-09-21,,,117394,3,0,,Masters,10531.0,83,Active,2018,,Ali Zafar,26-35,3,Yes
10654,Operations,Operations Manager,Male,35,Islamabad,2017-07-16,,,79821,3,0,,Bachelors,10694.0,97,Active,2017,,Rabia Malik,26-35,3,Yes
10655,Product,Product Manager,Male,21,Karachi,2019-01-26,,,89438,4,0,,Masters,11064.0,79,Active,2019,,Hamza Farooq,≤25,2,Yes
10656,Customer Success,CS Manager,Male,29,Lahore,2013-09-14,,,93047,3,1,2015-04-02,Bachelors,10843.0,144,Active,2013,,Omar Sheikh,26-35,3,Yes
10657,Engineering,Software Engineer,Male,33,Karachi,2020-06-25,,,99814,2,0,,Masters,11144.0,62,Active,2020,,Nadia Shah,26-35,4,Yes
10658,Marketing,SEO Analyst,Female,39,Lahore,2012-11-11,,,69343,5,0,,Masters,,154,Active,2012,,Ali Zafar,36-45,1,Yes
10659,Customer Success,CS Associate,Female,38,Karachi,2023-12-16,,,72657,4,0,,Bachelors,11083.0,19,Active,2023,,Hassan Zafar,36-45,2,Yes
10660,Engineering,Senior Engineer,Male,31,Karachi,2021-12-24,2025-03-12,Voluntary,84449,5,0,,Masters,10247.0,39,Terminated,2021,2025.0,Hassan Nawaz,26-35,1,Yes
10661,Sales,Account Executive,Male,29,Karachi,2010-08-09,,,107488,5,2,2013-04-21,Bachelors,10292.0,182,Active,2010,,Ayesha Aslam,26-35,1,Yes
10662,Engineering,DevOps Engineer,Male,31,Remote,2018-11-02,,,115121,3,1,2020-11-10,Masters,10250.0,82,Active,2018,,Rabia Yousaf,26-35,3,Yes
10663,Marketing,Marketing Specialist,Female,32,Lahore,2023-04-11,,,129634,3,0,,PhD,10973.0,28,Active,2023,,Fatima Qureshi,26-35,3,Yes
10664,Customer Success,CS Manager,Female,42,Lahore,2022-08-29,,,108524,3,0,,Bachelors,10666.0,35,Active,2022,,Hassan Shah,36-45,3,Yes
10665,Engineering,DevOps Engineer,Female,36,Lahore,2024-11-14,,,83672,3,0,,Bachelors,,8,Active,2024,,Sana Shah,36-45,3,Yes
10666,Product,Product Analyst,Female,33,Remote,2010-08-11,,,93946,3,0,,Masters,11149.0,182,Active,2010,,Rabia Nawaz,26-35,3,Yes
10667,Operations,Operations Associate,Male,34,Islamabad,2011-11-19,,,84306,2,0,,Bachelors,10974.0,166,Active,2011,,Rabia Sheikh,26-35,4,Yes
10668,Finance,Financial Analyst,Male,32,Remote,2024-06-01,,,80996,1,1,2029-10-29,Bachelors,11186.0,14,Active,2024,,Zara Chaudhry,26-35,5,Yes
10669,Finance,Finance Manager,Female,22,Lahore,2019-08-13,2019-12-16,Voluntary,44076,2,0,,Bachelors,10782.0,4,Terminated,2019,2019.0,Omar Hussain,≤25,4,Yes
10670,Sales,Sales Rep,Female,23,Lahore,2013-01-16,,,61670,2,0,,Masters,10834.0,152,Active,2013,,Rabia Qureshi,≤25,4,Yes
10671,Operations,Operations Associate,Female,29,Karachi,2020-05-10,2020-10-06,Voluntary,119049,2,2,2022-02-25,Bachelors,10769.0,4,Terminated,2020,2020.0,Hamza Javed,26-35,4,Yes
10672,Product,Product Manager,Male,30,Karachi,2014-01-28,,,132076,3,1,2017-12-04,Masters,10235.0,140,Active,2014,,Omar Yousaf,26-35,3,Yes
10673,Sales,Account Executive,Male,39,Lahore,2011-02-16,,,122045,3,0,,Bachelors,10551.0,176,Active,2011,,Hina Hussain,36-45,3,Yes
10674,Marketing,Marketing Manager,Female,35,Karachi,2015-11-02,,,71959,4,1,2018-07-17,Bachelors,11302.0,118,Active,2015,,Bilal Bhatti,26-35,2,Yes
10675,Finance,Financial Analyst,Male,24,Multicity,2018-07-03,,,122853,3,1,2021-11-16,Diploma,10085.0,86,Active,2018,,Omar Ahmed,≤25,3,Yes
10676,Engineering,QA Engineer,Female,30,Islamabad,2017-05-05,,,112064,2,0,,Bachelors,,100,Active,2017,,Shahid Nawaz,26-35,4,Yes
10677,Sales,Account Executive,Female,21,Lahore,2014-09-30,,,92380,4,1,2019-01-10,Masters,10330.0,131,Active,2014,,Salman Hussain,≤25,2,Yes
10678,Customer Success,CS Manager,Male,22,Lahore,2020-03-13,2021-01-23,Involuntary,67324,5,0,,Masters,11033.0,10,Terminated,2020,2021.0,Hina Nawaz,≤25,1,Yes
10679,Product,Product Analyst,Female,31,Remote,2017-05-01,,,70113,5,0,,Masters,11356.0,100,Active,2017,,Shahid Chaudhry,26-35,1,Yes
10680,Product,Product Analyst,Male,38,Multicity,2017-07-27,,,41802,5,0,,Bachelors,,97,Active,2017,,Sana Bhatti,36-45,1,Yes
10681,Marketing,Marketing Specialist,Female,32,Islamabad,2018-07-03,,,84742,4,1,2023-06-12,Bachelors,10166.0,86,Active,2018,,Fatima Iftikhar,26-35,2,Yes
10682,Customer Success,CS Manager,Male,24,Remote,2016-03-29,,,112286,3,1,2017-12-06,Bachelors,11231.0,113,Active,2016,,Ali Ahmed,≤25,3,Yes
10683,Sales,Sales Rep,Female,36,Remote,2019-06-16,,,90392,2,0,,Bachelors,10019.0,74,Active,2019,,Sana Raza,36-45,4,Yes
10684,Sales,Sales Rep,Female,31,Islamabad,2015-08-29,,,93845,2,0,,Masters,11470.0,120,Active,2015,,Nadia Hussain,26-35,4,Yes
10685,Sales,Account Executive,Female,33,Karachi,2011-11-02,,,120980,4,0,,Masters,11307.0,167,Active,2011,,Salman Ahmed,26-35,2,Yes
10686,HR,Recruiter,Female,39,Lahore,2020-07-19,,,62971,4,2,2024-09-19,Masters,10359.0,61,Active,2020,,Mahnoor Ahmed,36-45,2,Yes
10687,Engineering,Senior Engineer,Female,34,Karachi,2010-06-08,,,104879,4,1,2014-05-14,Masters,11388.0,184,Active,2010,,Usman Farooq,26-35,2,Yes
10688,Engineering,DevOps Engineer,Female,21,Islamabad,2022-02-05,,,83430,1,0,,Bachelors,11331.0,42,Active,2022,,Usman Qureshi,≤25,5,Yes
10689,Engineering,Tech Lead,Male,27,Multicity,2011-03-03,,,84060,4,0,,Bachelors,10089.0,175,Active,2011,,Imran Nawaz,26-35,2,Yes
10690,Product,Product Manager,Male,31,Remote,2017-11-06,,,123229,3,0,,Bachelors,11171.0,94,Active,2017,,Salman Khan,26-35,3,Yes
10691,Customer Success,CS Manager,Female,36,Lahore,2015-01-11,2017-11-29,Voluntary,91033,3,0,,Bachelors,10057.0,35,Terminated,2015,2017.0,Shahid Butt,36-45,3,Yes
10692,Finance,Financial Analyst,Female,24,Islamabad,2024-07-31,,,77673,3,0,,Bachelors,10697.0,12,Active,2024,,Fatima Nawaz,≤25,3,Yes
10693,Customer Success,CS Associate,Male,35,Karachi,2011-07-17,2025-01-28,Involuntary,70116,4,1,2016-01-17,Bachelors,10124.0,164,Terminated,2011,2025.0,Bilal Qureshi,26-35,2,Yes
10694,Product,Product Analyst,Male,35,Remote,2024-08-14,2024-11-17,Voluntary,82608,4,0,,Bachelors,10884.0,3,Terminated,2024,2024.0,Bilal Khan,26-35,2,Yes
10695,Engineering,Software Engineer,Female,44,Karachi,2010-11-26,,,79698,2,0,,Masters,11227.0,178,Active,2010,,Shahid Malik,36-45,4,Yes
10696,Customer Success,CS Manager,Male,37,Lahore,2010-09-12,,,85265,4,0,,Bachelors,11383.0,181,Active,2010,,Hina Aslam,36-45,2,Yes
10697,Customer Success,CS Associate,Male,39,Lahore,2015-07-19,2015-10-07,Voluntary,88481,2,1,2020-12-20,Masters,,2,Terminated,2015,2015.0,Amna Anwar,36-45,4,Yes
10698,Engineering,DevOps Engineer,Male,27,Lahore,2014-06-22,,,141791,3,0,,Bachelors,10123.0,135,Active,2014,,Sana Sheikh,26-35,3,Yes
10699,Engineering,DevOps Engineer,Male,33,Multicity,2010-06-16,,,111691,3,0,,Masters,10301.0,184,Active,2010,,Zara Farooq,26-35,3,Yes
10700,Finance,Finance Manager,Male,47,Lahore,2023-12-08,2024-06-03,Voluntary,90136,3,0,,Masters,10864.0,5,Terminated,2023,2024.0,Hina Butt,46-55,3,Yes
10701,Sales,Sales Rep,Female,38,Karachi,2013-06-02,2017-09-30,Involuntary,77647,4,0,,Diploma,10678.0,52,Terminated,2013,2017.0,Maria Khan,36-45,2,Yes
10702,Legal,Legal Counsel,Female,21,Lahore,2015-05-09,2020-07-11,Retirement,120669,5,0,,Bachelors,,63,Terminated,2015,2020.0,Hamza Nawaz,≤25,1,Yes
10703,Operations,Operations Associate,Male,31,Karachi,2012-10-31,,,65357,4,0,,Masters,10769.0,155,Active,2012,,Salman Javed,26-35,2,Yes
10704,Engineering,Senior Engineer,Female,29,Karachi,2020-08-15,2022-09-16,Voluntary,111771,2,1,2023-04-02,Bachelors,10737.0,25,Terminated,2020,2022.0,Hina Siddiqui,26-35,4,Yes
10705,Engineering,Software Engineer,Male,21,Karachi,2012-07-26,,,109243,3,0,,Bachelors,10503.0,158,Active,2012,,Hina Farooq,≤25,3,Yes
10706,Engineering,Software Engineer,Male,27,Karachi,2022-08-26,,,103141,4,0,,Bachelors,10227.0,35,Active,2022,,Sana Butt,26-35,2,Yes
10707,Sales,Sales Rep,Male,35,Karachi,2014-11-21,,,90383,4,1,2018-11-04,Diploma,,130,Active,2014,,Nadia Sheikh,26-35,2,Yes
10708,Product,Product Manager,Male,45,Remote,2020-06-06,2021-07-29,Voluntary,86182,3,0,,Bachelors,11302.0,13,Terminated,2020,2021.0,Amna Chaudhry,36-45,3,Yes
10709,Sales,Sales Rep,Female,42,Lahore,2015-10-01,,,113506,3,0,,Bachelors,11289.0,119,Active,2015,,Ali Chaudhry,36-45,3,Yes
10710,Customer Success,CS Manager,Female,43,Multicity,2018-04-10,,,97112,3,0,,Bachelors,11358.0,89,Active,2018,,Rabia Nawaz,36-45,3,Yes
10711,Operations,Operations Associate,Male,37,Islamabad,2013-10-06,,,85850,3,0,,Bachelors,10659.0,143,Active,2013,,Zara Hussain,36-45,3,Yes
10712,Operations,Operations Manager,Female,24,Lahore,2023-08-04,,,102090,3,0,,Diploma,10074.0,24,Active,2023,,Shahid Khan,≤25,3,Yes
10713,Engineering,Senior Engineer,Male,36,Karachi,2023-08-15,,,114282,3,0,,Bachelors,10766.0,23,Active,2023,,Omar Khan,36-45,3,Yes
10714,Sales,Sales Rep,Male,29,Karachi,2012-07-27,,,88677,3,0,,Bachelors,11272.0,158,Active,2012,,Sana Zafar,26-35,3,Yes
10715,Sales,Account Executive,Male,27,Lahore,2013-09-03,,,96780,3,0,,Bachelors,10478.0,145,Active,2013,,Mahnoor Anwar,26-35,3,Yes
10716,Sales,Sales Rep,Male,38,Karachi,2016-12-23,,,86376,3,1,2021-08-02,Bachelors,10466.0,104,Active,2016,,Ayesha Ahmed,36-45,3,Yes
10717,Engineering,Software Engineer,Male,28,Lahore,2012-06-04,,,126426,4,0,,Bachelors,11399.0,160,Active,2012,,Salman Javed,26-35,2,Yes
10718,Customer Success,CS Manager,Female,34,Multicity,2022-12-24,,,93008,4,1,2028-02-16,Bachelors,10613.0,31,Active,2022,,Adnan Aslam,26-35,2,Yes
10719,Sales,Account Executive,Female,41,Lahore,2010-07-30,,,78155,3,0,,Masters,11049.0,182,Active,2010,,Amna Hussain,36-45,3,Yes
10720,Product,Product Manager,Female,21,Karachi,2016-12-30,,,107852,3,0,,Bachelors,11131.0,104,Active,2016,,Rabia Shah,≤25,3,Yes
10721,Customer Success,CS Associate,Male,28,Karachi,2022-11-30,,,78046,3,1,2027-10-29,Bachelors,11143.0,32,Active,2022,,Ayesha Anwar,26-35,3,Yes
10722,Engineering,Senior Engineer,Female,22,Karachi,2018-06-02,,,100652,1,0,,Masters,10695.0,87,Active,2018,,Hina Farooq,≤25,5,Yes
10723,Sales,Account Executive,Female,30,Lahore,2018-11-24,,,103726,3,1,2021-09-21,Bachelors,10065.0,81,Active,2018,,Bilal Yousaf,26-35,3,Yes
10724,Product,Product Manager,Female,46,Multicity,2014-06-13,,,58715,4,0,,PhD,10800.0,135,Active,2014,,Omar Aslam,46-55,2,Yes
10725,Product,Product Manager,Female,27,Karachi,2011-09-15,,,109158,3,0,,Bachelors,,168,Active,2011,,Bilal Qureshi,26-35,3,Yes
10726,Operations,Operations Manager,Male,31,Karachi,2023-04-13,,,108433,1,1,2028-02-22,Masters,10407.0,28,Active,2023,,Rabia Nawaz,26-35,5,Yes
10727,Engineering,QA Engineer,Male,22,Karachi,2024-01-26,,,99758,2,0,,Bachelors,10351.0,18,Active,2024,,Rabia Sheikh,≤25,4,Yes
10728,Sales,Account Executive,Male,29,Multicity,2015-06-13,2020-03-21,Voluntary,69476,2,1,2017-08-08,Bachelors,10885.0,58,Terminated,2015,2020.0,Amna Aslam,26-35,4,Yes
10729,Customer Success,CS Associate,Male,33,Lahore,2012-04-14,,,104193,3,0,,Masters,10413.0,161,Active,2012,,Mahnoor Farooq,26-35,3,Yes
10730,Engineering,Senior Engineer,Male,36,Remote,2016-10-06,,,108086,3,0,,Bachelors,11005.0,107,Active,2016,,Sana Javed,36-45,3,Yes
10731,Finance,Finance Manager,Male,40,Karachi,2023-06-20,,,104812,5,0,,Bachelors,10609.0,25,Active,2023,,Ali Javed,36-45,1,Yes
10732,HR,HR Specialist,Male,21,Karachi,2012-09-18,,,96393,3,0,,Bachelors,11430.0,156,Active,2012,,Nadia Chaudhry,≤25,3,Yes
10733,Marketing,SEO Analyst,Female,37,Karachi,2022-09-11,,,38833,2,0,,Masters,11365.0,35,Active,2022,,Imran Butt,36-45,4,Yes
10734,Product,Product Manager,Female,25,Lahore,2010-12-03,,,68283,2,0,,Bachelors,11033.0,178,Active,2010,,Usman Chaudhry,≤25,4,Yes
10735,Customer Success,CS Associate,Male,41,Karachi,2017-10-15,,,106411,1,1,2018-12-08,Bachelors,10945.0,94,Active,2017,,Adnan Butt,36-45,5,Yes
10736,HR,HR Manager,Male,25,Karachi,2021-12-13,2023-06-09,Voluntary,66034,5,1,2024-10-12,Masters,10944.0,18,Terminated,2021,2023.0,Ayesha Zafar,≤25,1,Yes
10737,Engineering,DevOps Engineer,Female,29,Islamabad,2019-08-11,,,77291,3,3,2022-03-04,Masters,10036.0,72,Active,2019,,Usman Khan,26-35,3,Yes
10738,Marketing,Marketing Specialist,Male,43,Lahore,2024-11-02,,,55598,2,0,,Masters,10314.0,9,Active,2024,,Nadia Yousaf,36-45,4,Yes
10739,Finance,Financial Analyst,Male,33,Karachi,2018-04-24,,,73835,3,1,2023-03-20,Bachelors,11070.0,88,Active,2018,,Hassan Yousaf,26-35,3,Yes
10740,Operations,Operations Associate,Male,35,Karachi,2011-07-19,2011-09-25,Voluntary,118032,3,1,2013-09-04,Diploma,10488.0,2,Terminated,2011,2011.0,Nadia Butt,26-35,3,Yes
10741,Engineering,Software Engineer,Male,37,Multicity,2021-05-07,,,69938,2,0,,Masters,10197.0,51,Active,2021,,Rabia Chaudhry,36-45,4,Yes
10742,Customer Success,CS Manager,Female,39,Karachi,2024-07-10,,,106067,4,0,,Bachelors,11279.0,12,Active,2024,,Nadia Hussain,36-45,2,Yes
10743,Engineering,DevOps Engineer,Male,46,Lahore,2017-08-27,,,162198,2,0,,Bachelors,11339.0,96,Active,2017,,Zara Raza,46-55,4,Yes
10744,Sales,Account Executive,Male,40,Karachi,2010-04-14,,,109911,3,0,,Masters,10447.0,186,Active,2010,,Ayesha Shah,36-45,3,Yes
10745,HR,HR Manager,Male,34,Multicity,2019-06-04,,,99955,4,1,2023-08-12,Bachelors,,75,Active,2019,,Nadia Aslam,26-35,2,Yes
10746,Marketing,Marketing Manager,Female,38,Islamabad,2020-12-29,,,77655,4,0,,Bachelors,11408.0,55,Active,2020,,Bilal Aslam,36-45,2,Yes
10747,Sales,Sales Manager,Male,23,Karachi,2012-05-14,,,65556,3,2,2015-07-06,Bachelors,11031.0,160,Active,2012,,Salman Javed,≤25,3,Yes
10748,Marketing,Marketing Specialist,Male,36,Islamabad,2019-09-22,,,123490,3,1,2024-11-10,Bachelors,10162.0,71,Active,2019,,Omar Nawaz,36-45,3,Yes
10749,Engineering,Tech Lead,Male,25,Karachi,2018-02-15,,,92258,4,1,2020-06-16,Diploma,10908.0,90,Active,2018,,Zara Qureshi,≤25,2,Yes
10750,Customer Success,CS Associate,Male,30,Karachi,2024-04-03,,,88568,1,1,2029-09-10,Diploma,10590.0,16,Active,2024,,Ayesha Aslam,26-35,5,Yes
10751,Customer Success,CS Manager,Female,22,Karachi,2020-04-24,,,82859,3,1,2025-01-14,Diploma,11425.0,64,Active,2020,,Omar Aslam,≤25,3,Yes
10752,Operations,Operations Manager,Male,36,Karachi,2013-06-07,,,90995,2,0,,Bachelors,,147,Active,2013,,Salman Farooq,36-45,4,Yes
10753,Engineering,Senior Engineer,Female,45,Karachi,2019-10-08,2022-02-21,Voluntary,100799,2,1,2024-10-30,Bachelors,10404.0,28,Terminated,2019,2022.0,Omar Javed,36-45,4,Yes
10754,Sales,Sales Rep,Female,34,Karachi,2013-12-13,,,117735,5,0,,Bachelors,10985.0,141,Active,2013,,Nadia Anwar,26-35,1,Yes
10755,Engineering,Tech Lead,Male,29,Karachi,2021-09-14,,,82744,3,0,,Masters,10987.0,47,Active,2021,,Salman Javed,26-35,3,Yes
10756,Engineering,QA Engineer,Male,35,Karachi,2024-08-03,,,116197,3,1,2028-08-07,Bachelors,10526.0,12,Active,2024,,Hina Ahmed,26-35,3,Yes
10757,HR,Recruiter,Male,40,Lahore,2016-01-22,,,128694,2,2,2017-10-27,Masters,10388.0,115,Active,2016,,Amna Shah,36-45,4,Yes
10758,Engineering,DevOps Engineer,Female,30,Lahore,2023-10-25,,,102868,3,0,,Bachelors,10786.0,21,Active,2023,,Fatima Sheikh,26-35,3,Yes
10759,Finance,Finance Manager,Female,25,Karachi,2022-01-26,,,67964,5,0,,Bachelors,,42,Active,2022,,Imran Butt,≤25,1,Yes
10760,Engineering,QA Engineer,Female,22,Islamabad,2020-11-04,,,122254,3,1,2025-10-26,Bachelors,11426.0,57,Active,2020,,Ayesha Iftikhar,≤25,3,Yes
10761,Engineering,QA Engineer,Female,29,Islamabad,2020-06-05,,,65853,1,1,2023-06-15,Masters,11428.0,62,Active,2020,,Zara Ahmed,26-35,5,Yes
10762,Operations,Operations Associate,Male,31,Lahore,2019-10-09,,,79034,3,1,2024-02-23,Bachelors,10330.0,70,Active,2019,,Hamza Yousaf,26-35,3,Yes
10763,Engineering,Software Engineer,Female,40,Remote,2023-04-16,,,128970,3,0,,PhD,10386.0,27,Active,2023,,Fatima Zafar,36-45,3,Yes
10764,Product,Product Manager,Female,43,Karachi,2016-01-08,,,80104,5,0,,Masters,10630.0,116,Active,2016,,Ayesha Chaudhry,36-45,1,Yes
10765,Customer Success,CS Manager,Male,26,Lahore,2017-03-25,,,70857,4,0,,Bachelors,10815.0,101,Active,2017,,Ayesha Malik,26-35,2,Yes
10766,Operations,Operations Associate,Female,23,Remote,2015-07-05,2016-05-16,Involuntary,91549,3,1,2018-11-04,Masters,10349.0,10,Terminated,2015,2016.0,Ali Khan,≤25,3,Yes
10767,Engineering,Senior Engineer,Female,43,Karachi,2011-12-11,,,87733,5,1,2015-06-20,Bachelors,10411.0,166,Active,2011,,Ali Siddiqui,36-45,1,Yes
10768,Engineering,Senior Engineer,Female,25,Karachi,2016-04-03,,,66775,4,0,,Bachelors,,113,Active,2016,,Shahid Sheikh,≤25,2,Yes
10769,Engineering,Senior Engineer,Male,32,Karachi,2020-02-10,2020-07-20,Voluntary,71007,3,0,,Bachelors,10206.0,5,Terminated,2020,2020.0,Omar Shah,26-35,3,Yes
10770,Engineering,Tech Lead,Female,39,Karachi,2015-06-21,,,74281,5,1,2017-01-04,Bachelors,10769.0,123,Active,2015,,Adnan Chaudhry,36-45,1,Yes
10771,Marketing,SEO Analyst,Female,32,Lahore,2020-06-03,,,93714,3,0,,Bachelors,10645.0,62,Active,2020,,Maria Bhatti,26-35,3,Yes
10772,Customer Success,CS Associate,Female,44,Lahore,2022-10-13,2023-11-11,Retirement,116809,4,0,,Bachelors,10822.0,13,Terminated,2022,2023.0,Adnan Bhatti,36-45,2,Yes
10773,Operations,Operations Associate,Male,41,Karachi,2023-09-09,,,110274,5,0,,Masters,10925.0,23,Active,2023,,Hamza Khan,36-45,1,Yes
10774,Operations,Operations Manager,Male,25,Islamabad,2024-12-26,2025-07-07,Contract End,71650,4,0,,Bachelors,10093.0,6,Terminated,2024,2025.0,Fatima Khan,≤25,2,Yes
10775,Product,Product Analyst,Female,31,Karachi,2018-07-02,,,95536,4,0,,Masters,10975.0,86,Active,2018,,Bilal Zafar,26-35,2,Yes
10776,Product,Product Manager,Female,40,Karachi,2017-07-18,,,113392,2,0,,Bachelors,11467.0,97,Active,2017,,Hassan Aslam,36-45,4,Yes
10777,Finance,Financial Analyst,Male,33,Karachi,2010-08-24,,,84883,5,0,,Diploma,10913.0,181,Active,2010,,Shahid Nawaz,26-35,1,Yes
10778,Product,Product Analyst,Female,37,Karachi,2021-02-01,,,88756,4,0,,Masters,10890.0,54,Active,2021,,Hamza Nawaz,36-45,2,Yes
10779,Product,Product Manager,Male,30,Remote,2017-04-16,,,98409,4,1,2019-07-11,Masters,11373.0,100,Active,2017,,Fatima Raza,26-35,2,Yes
10780,Engineering,Senior Engineer,Female,26,Islamabad,2014-01-29,,,97181,4,2,2016-12-10,Masters,,140,Active,2014,,Hina Iftikhar,26-35,2,Yes
10781,Customer Success,CS Manager,Female,29,Lahore,2020-12-08,,,57868,4,1,2024-01-28,Masters,10894.0,56,Active,2020,,Sana Chaudhry,26-35,2,Yes
10782,Customer Success,CS Manager,Male,45,Karachi,2014-10-04,2018-08-27,Involuntary,117629,5,0,,Masters,10753.0,47,Terminated,2014,2018.0,Usman Butt,36-45,1,Yes
10783,Engineering,Tech Lead,Female,38,Lahore,2017-12-16,2018-09-25,Voluntary,80535,2,0,,Bachelors,10747.0,9,Terminated,2017,2018.0,Hamza Anwar,36-45,4,Yes
10784,Customer Success,CS Manager,Male,35,Islamabad,2015-10-18,,,85312,3,1,2019-10-24,Masters,10607.0,119,Active,2015,,Hamza Iftikhar,26-35,3,Yes
10785,Customer Success,CS Associate,Female,27,Karachi,2017-08-20,,,76189,4,0,,Masters,10070.0,96,Active,2017,,Sana Yousaf,26-35,2,Yes
10786,Marketing,SEO Analyst,Male,44,Islamabad,2016-04-09,,,83984,4,0,,Bachelors,10441.0,113,Active,2016,,Nadia Hussain,36-45,2,Yes
10787,Finance,Finance Manager,Female,28,Karachi,2023-05-16,,,94788,2,2,2028-05-21,Bachelors,10460.0,26,Active,2023,,Hassan Siddiqui,26-35,4,Yes
10788,Operations,Operations Associate,Female,23,Islamabad,2016-03-13,,,94135,4,0,,Bachelors,10326.0,114,Active,2016,,Adnan Hussain,≤25,2,Yes
10789,Product,Product Analyst,Male,39,Islamabad,2022-06-20,,,107746,4,0,,Bachelors,10579.0,37,Active,2022,,Salman Chaudhry,36-45,2,Yes
10790,Sales,Sales Rep,Female,31,Lahore,2010-03-25,2017-07-25,Involuntary,77609,3,1,2011-07-13,Masters,10937.0,89,Terminated,2010,2017.0,Nadia Nawaz,26-35,3,Yes
10791,Operations,Operations Associate,Male,21,Lahore,2021-08-03,,,95697,3,0,,Masters,11333.0,48,Active,2021,,Fatima Chaudhry,≤25,3,Yes
10792,Engineering,DevOps Engineer,Male,35,Islamabad,2014-04-15,,,114431,3,1,2017-09-05,Masters,10115.0,137,Active,2014,,Zara Khan,26-35,3,Yes
10793,Engineering,QA Engineer,Male,23,Karachi,2011-12-03,,,113858,4,1,2016-03-31,Bachelors,11479.0,166,Active,2011,,Maria Iftikhar,≤25,2,Yes
10794,HR,HR Specialist,Male,46,Lahore,2015-06-01,,,74667,3,1,2017-05-19,Masters,11416.0,123,Active,2015,,Nadia Anwar,46-55,3,Yes
10795,Product,Product Manager,Female,29,Remote,2019-02-12,,,107192,3,0,,Masters,10245.0,78,Active,2019,,Hassan Farooq,26-35,3,Yes
10796,Engineering,Software Engineer,Male,28,Islamabad,2020-12-16,,,100082,1,0,,Bachelors,10560.0,56,Active,2020,,Salman Nawaz,26-35,5,Yes
10797,Operations,Operations Associate,Female,29,Karachi,2022-06-15,,,118873,4,0,,Bachelors,10203.0,38,Active,2022,,Sana Qureshi,26-35,2,Yes
10798,Sales,Sales Manager,Female,28,Islamabad,2015-05-23,,,80153,4,0,,Bachelors,11098.0,124,Active,2015,,Maria Ahmed,26-35,2,Yes
10799,Customer Success,CS Associate,Male,38,Remote,2020-09-05,,,96801,4,1,2025-05-01,Bachelors,11348.0,59,Active,2020,,Imran Yousaf,36-45,2,Yes
10800,Product,Product Manager,Female,30,Islamabad,2024-06-27,2025-03-12,Involuntary,77755,2,0,,Bachelors,10330.0,8,Terminated,2024,2025.0,Maria Qureshi,26-35,4,Yes
10801,Engineering,Tech Lead,Female,33,Karachi,2021-01-03,,,66805,3,0,,Bachelors,10866.0,55,Active,2021,,Nadia Iftikhar,26-35,3,Yes
10802,Product,Product Manager,Male,23,Karachi,2020-01-20,,,63551,5,1,2022-09-11,Masters,11181.0,67,Active,2020,,Omar Khan,≤25,1,Yes
10803,Finance,Accountant,Male,36,Multicity,2010-05-22,,,84901,3,1,2012-07-24,Masters,10091.0,185,Active,2010,,Mahnoor Yousaf,36-45,3,Yes
10804,Sales,Sales Rep,Male,33,Remote,2012-02-02,,,45614,2,2,2016-03-07,Bachelors,10263.0,164,Active,2012,,Amna Qureshi,26-35,4,Yes
10805,Operations,Operations Manager,Male,40,Karachi,2016-08-07,,,47195,5,0,,Bachelors,10520.0,109,Active,2016,,Omar Malik,36-45,1,Yes
10806,Operations,Operations Associate,Male,35,Karachi,2014-12-21,,,83729,5,1,2019-11-17,Masters,11154.0,129,Active,2014,,Ayesha Shah,26-35,1,Yes
10807,Operations,Operations Associate,Male,35,Karachi,2019-01-26,,,102137,3,0,,Bachelors,10158.0,79,Active,2019,,Amna Nawaz,26-35,3,Yes
10808,Sales,Sales Manager,Male,25,Lahore,2015-06-17,2022-09-20,Voluntary,97180,5,1,2020-10-26,Bachelors,10462.0,88,Terminated,2015,2022.0,Usman Ahmed,≤25,1,Yes
10809,Sales,Sales Rep,Male,25,Multicity,2016-11-13,,,104876,2,0,,Diploma,11491.0,106,Active,2016,,Nadia Anwar,≤25,4,Yes
10810,Product,Product Analyst,Male,39,Karachi,2024-11-22,,,108369,3,0,,Bachelors,10098.0,8,Active,2024,,Ali Bhatti,36-45,3,Yes
10811,Engineering,QA Engineer,Male,31,Remote,2023-01-17,,,108499,4,0,,Bachelors,10824.0,30,Active,2023,,Shahid Raza,26-35,2,Yes
10812,Finance,Financial Analyst,Male,31,Islamabad,2018-04-12,,,83830,4,0,,Bachelors,10547.0,88,Active,2018,,Ayesha Qureshi,26-35,2,Yes
10813,Engineering,Tech Lead,Female,23,Karachi,2020-08-12,,,111997,4,0,,Bachelors,,60,Active,2020,,Usman Malik,≤25,2,Yes
10814,Customer Success,CS Associate,Male,23,Lahore,2022-06-01,,,78705,4,0,,Masters,10178.0,38,Active,2022,,Bilal Sheikh,≤25,2,Yes
10815,Product,Product Analyst,Female,33,Remote,2021-11-28,,,98901,2,0,,Bachelors,11178.0,44,Active,2021,,Omar Shah,26-35,4,Yes
10816,Engineering,Tech Lead,Female,21,Lahore,2017-09-17,,,62402,5,0,,Bachelors,11496.0,95,Active,2017,,Ayesha Aslam,≤25,1,Yes
10817,Engineering,QA Engineer,Male,40,Multicity,2019-07-18,,,121104,4,0,,Bachelors,10014.0,73,Active,2019,,Ali Iftikhar,36-45,2,Yes
10818,Operations,Operations Manager,Male,21,Islamabad,2022-05-06,,,90068,4,1,2026-04-21,Masters,10918.0,39,Active,2022,,Hina Nawaz,≤25,2,Yes
10819,Product,Product Manager,Male,25,Lahore,2017-06-02,2021-06-18,Contract End,91714,3,0,,Bachelors,10231.0,49,Terminated,2017,2021.0,Adnan Yousaf,≤25,3,Yes
10820,Sales,Sales Manager,Male,30,Lahore,2017-11-22,,,74211,2,0,,Bachelors,10436.0,93,Active,2017,,Rabia Farooq,26-35,4,Yes
10821,Engineering,DevOps Engineer,Male,26,Remote,2020-03-06,,,113023,5,0,,Bachelors,10948.0,65,Active,2020,,Hassan Aslam,26-35,1,Yes
10822,Product,Product Analyst,Male,32,Karachi,2016-01-29,,,93535,3,0,,Bachelors,11479.0,115,Active,2016,,Usman Butt,26-35,3,Yes
10823,Engineering,Tech Lead,Male,30,Lahore,2016-11-16,,,98996,3,1,2018-09-26,Bachelors,,106,Active,2016,,Fatima Raza,26-35,3,Yes
10824,Engineering,Tech Lead,Male,51,Lahore,2015-08-22,,,77761,3,0,,Bachelors,10222.0,121,Active,2015,,Shahid Yousaf,46-55,3,Yes
10825,Product,Product Analyst,Male,25,Lahore,2015-03-04,,,106765,3,0,,Masters,10388.0,126,Active,2015,,Rabia Raza,≤25,3,Yes
10826,Sales,Sales Rep,Male,34,Islamabad,2012-09-15,,,125172,2,2,2014-10-27,Diploma,,156,Active,2012,,Ali Farooq,26-35,4,Yes
10827,Product,Product Manager,Male,21,Lahore,2014-04-27,,,86263,4,1,2017-02-20,Masters,10818.0,137,Active,2014,,Ayesha Javed,≤25,2,Yes
10828,Finance,Finance Manager,Female,35,Lahore,2017-01-28,2018-05-14,Involuntary,84048,2,1,2020-01-02,Bachelors,10484.0,15,Terminated,2017,2018.0,Imran Ahmed,26-35,4,Yes
10829,Engineering,Tech Lead,Male,31,Lahore,2012-09-06,2023-07-14,Voluntary,86036,3,2,2017-12-12,Bachelors,11493.0,132,Terminated,2012,2023.0,Nadia Zafar,26-35,3,Yes
10830,Marketing,Marketing Specialist,Male,38,Karachi,2022-01-07,,,45062,4,1,2026-10-02,Masters,11446.0,43,Active,2022,,Rabia Raza,36-45,2,Yes
10831,Customer Success,CS Manager,Female,28,Lahore,2014-02-25,,,94226,5,0,,Bachelors,10469.0,139,Active,2014,,Imran Sheikh,26-35,1,Yes
10832,Engineering,QA Engineer,Male,30,Multicity,2014-04-19,,,126924,3,1,2018-10-02,Bachelors,10778.0,137,Active,2014,,Hamza Nawaz,26-35,3,Yes
10833,HR,Recruiter,Female,25,Multicity,2014-11-08,,,76226,3,0,,Bachelors,10105.0,130,Active,2014,,Rabia Farooq,≤25,3,Yes
10834,Sales,Account Executive,Male,28,Remote,2020-11-10,,,86309,3,0,,Masters,10001.0,57,Active,2020,,Amna Ahmed,26-35,3,Yes
10835,Engineering,Tech Lead,Male,45,Lahore,2016-03-15,,,94343,2,0,,Bachelors,,114,Active,2016,,Usman Iftikhar,36-45,4,Yes
10836,Sales,Account Executive,Male,37,Islamabad,2023-03-23,,,67246,4,0,,Bachelors,10740.0,28,Active,2023,,Ali Zafar,36-45,2,Yes
10837,Customer Success,CS Associate,Male,34,Karachi,2021-10-07,,,120260,2,0,,Bachelors,11232.0,46,Active,2021,,Hina Iftikhar,26-35,4,Yes
10838,Engineering,DevOps Engineer,Female,36,Remote,2023-05-21,,,129116,2,1,2026-11-18,Diploma,11119.0,26,Active,2023,,Usman Butt,36-45,4,Yes
10839,Operations,Operations Manager,Female,33,Multicity,2016-05-07,,,118209,4,0,,Bachelors,11127.0,112,Active,2016,,Imran Aslam,26-35,2,Yes
10840,Operations,Operations Manager,Female,40,Lahore,2012-04-03,,,120524,5,1,2013-08-19,Bachelors,11031.0,162,Active,2012,,Sana Yousaf,36-45,1,Yes
10841,Customer Success,CS Manager,Female,34,Islamabad,2014-05-10,2014-12-12,Contract End,87643,2,2,2019-03-30,Bachelors,11013.0,7,Terminated,2014,2014.0,Rabia Raza,26-35,4,Yes
10842,Operations,Operations Associate,Male,44,Islamabad,2016-08-23,,,111431,4,1,2019-11-21,Masters,10007.0,108,Active,2016,,Hassan Zafar,36-45,2,Yes
10843,Engineering,Senior Engineer,Female,25,Karachi,2015-02-07,,,107959,3,0,,Bachelors,10530.0,127,Active,2015,,Hamza Malik,≤25,3,Yes
10844,Sales,Sales Rep,Male,26,Karachi,2018-02-04,2020-09-08,Voluntary,108665,3,0,,Bachelors,10568.0,31,Terminated,2018,2020.0,Rabia Qureshi,26-35,3,Yes
10845,Product,Product Analyst,Female,25,Karachi,2014-01-09,,,74305,5,0,,Bachelors,11328.0,140,Active,2014,,Hassan Bhatti,≤25,1,Yes
10846,Sales,Sales Manager,Female,38,Karachi,2016-10-12,,,86865,4,0,,Bachelors,11252.0,107,Active,2016,,Mahnoor Khan,36-45,2,Yes
10847,Sales,Sales Rep,Female,26,Karachi,2010-04-26,,,120386,4,1,2012-11-18,Bachelors,,185,Active,2010,,Amna Bhatti,26-35,2,Yes
10848,Marketing,Marketing Manager,Male,28,Islamabad,2021-12-24,,,107091,4,1,2026-06-28,Masters,10905.0,43,Active,2021,,Maria Shah,26-35,2,Yes
10849,Sales,Account Executive,Male,34,Islamabad,2012-11-02,,,101065,3,0,,Bachelors,10888.0,155,Active,2012,,Fatima Qureshi,26-35,3,Yes
10850,Sales,Account Executive,Male,27,Karachi,2016-02-26,,,77809,4,1,2018-03-18,Bachelors,,114,Active,2016,,Hamza Yousaf,26-35,2,Yes
10851,Engineering,Tech Lead,Male,22,Karachi,2011-01-08,2019-12-11,Involuntary,112357,2,0,,Bachelors,10931.0,108,Terminated,2011,2019.0,Shahid Malik,≤25,4,Yes
10852,Product,Product Analyst,Male,36,Lahore,2011-03-23,,,102513,4,1,2015-08-09,Bachelors,10225.0,174,Active,2011,,Hina Raza,36-45,2,Yes
10853,Customer Success,CS Manager,Male,34,Islamabad,2022-05-31,,,79223,5,0,,Bachelors,10019.0,38,Active,2022,,Usman Qureshi,26-35,1,Yes
10854,Product,Product Manager,Male,29,Remote,2016-07-21,,,88672,2,0,,Bachelors,10909.0,109,Active,2016,,Ayesha Qureshi,26-35,4,Yes
10855,Customer Success,CS Associate,Male,35,Karachi,2012-10-31,2018-11-30,Involuntary,58704,2,0,,Masters,10607.0,74,Terminated,2012,2018.0,Maria Malik,26-35,4,Yes
10856,Engineering,QA Engineer,Male,24,Remote,2024-04-22,2024-12-26,Voluntary,123293,3,2,2026-11-30,Bachelors,10787.0,8,Terminated,2024,2024.0,Omar Aslam,≤25,3,Yes
10857,Operations,Operations Associate,Male,35,Multicity,2021-01-04,,,96323,5,0,,Bachelors,10683.0,55,Active,2021,,Bilal Nawaz,26-35,1,Yes
10858,Engineering,Software Engineer,Female,28,Islamabad,2012-04-20,2024-04-12,Voluntary,102507,2,0,,Bachelors,11407.0,145,Terminated,2012,2024.0,Hina Bhatti,26-35,4,Yes
10859,Sales,Account Executive,Male,38,Karachi,2010-04-11,,,102249,4,2,2012-10-05,Masters,10156.0,186,Active,2010,,Hassan Sheikh,36-45,2,Yes
10860,Customer Success,CS Manager,Female,32,Karachi,2022-11-16,,,79924,3,0,,Masters,,32,Active,2022,,Shahid Anwar,26-35,3,Yes
10861,Customer Success,CS Manager,Female,32,Multicity,2016-05-18,,,87310,2,1,2018-02-03,Bachelors,10653.0,112,Active,2016,,Ayesha Hussain,26-35,4,Yes
10862,Finance,Accountant,Female,40,Lahore,2020-07-12,,,63756,3,0,,Masters,10503.0,61,Active,2020,,Maria Sheikh,36-45,3,Yes
10863,HR,HR Manager,Male,42,Lahore,2020-09-26,,,102595,4,0,,Bachelors,10863.0,59,Active,2020,,Ayesha Siddiqui,36-45,2,Yes
10864,Marketing,Marketing Manager,Female,35,Karachi,2019-11-18,2024-01-07,Voluntary,111820,5,0,,Bachelors,10273.0,50,Terminated,2019,2024.0,Sana Khan,26-35,1,Yes
10865,Product,Product Manager,Female,39,Lahore,2017-08-23,,,96611,4,0,,Bachelors,11129.0,96,Active,2017,,Amna Aslam,36-45,2,Yes
10866,Product,Product Analyst,Male,34,Remote,2014-02-19,2017-04-22,Voluntary,90478,4,1,2015-12-09,Bachelors,10869.0,38,Terminated,2014,2017.0,Fatima Nawaz,26-35,2,Yes
10867,HR,HR Manager,Male,27,Lahore,2011-02-25,,,120647,3,0,,Bachelors,10289.0,175,Active,2011,,Usman Zafar,26-35,3,Yes
10868,Engineering,Software Engineer,Male,37,Remote,2015-08-31,,,103183,4,1,2019-04-19,Masters,11430.0,120,Active,2015,,Hassan Nawaz,36-45,2,Yes
10869,Product,Product Analyst,Male,22,Karachi,2020-09-18,,,92823,4,2,2023-04-28,Bachelors,11315.0,59,Active,2020,,Nadia Bhatti,≤25,2,Yes
10870,Engineering,Senior Engineer,Male,37,Karachi,2012-07-23,,,117705,4,0,,Masters,10528.0,158,Active,2012,,Mahnoor Ahmed,36-45,2,Yes
10871,Product,Product Analyst,Female,32,Lahore,2011-06-20,2013-08-11,Voluntary,76938,5,1,2013-03-02,Masters,10114.0,26,Terminated,2011,2013.0,Imran Iftikhar,26-35,1,Yes
10872,Engineering,Senior Engineer,Female,36,Multicity,2018-12-27,,,96793,2,0,,Masters,11336.0,80,Active,2018,,Hina Siddiqui,36-45,4,Yes
10873,Operations,Operations Manager,Male,46,Remote,2021-01-11,,,90074,2,1,2022-08-21,Bachelors,10687.0,55,Active,2021,,Hassan Qureshi,46-55,4,Yes
10874,Engineering,Tech Lead,Male,27,Karachi,2011-08-30,,,90294,1,0,,PhD,10413.0,169,Active,2011,,Imran Aslam,26-35,5,Yes
10875,Operations,Operations Associate,Male,24,Karachi,2022-12-10,,,97470,1,1,2028-05-15,Bachelors,10190.0,32,Active,2022,,Hamza Hussain,≤25,5,Yes
10876,Product,Product Manager,Female,39,Islamabad,2024-02-13,,,99474,3,0,,Bachelors,10728.0,17,Active,2024,,Zara Malik,36-45,3,Yes
10877,Product,Product Manager,Male,43,Remote,2011-03-16,,,107080,3,2,2016-07-19,Bachelors,10782.0,175,Active,2011,,Shahid Zafar,36-45,3,Yes
10878,Finance,Financial Analyst,Male,26,Karachi,2013-05-27,,,151239,4,0,,Bachelors,10441.0,148,Active,2013,,Nadia Yousaf,26-35,2,Yes
10879,Customer Success,CS Manager,Female,34,Karachi,2013-05-07,,,66980,3,0,,Masters,10699.0,148,Active,2013,,Amna Butt,26-35,3,Yes
10880,Finance,Financial Analyst,Male,34,Lahore,2022-08-16,,,105306,3,0,,Masters,10793.0,36,Active,2022,,Amna Chaudhry,26-35,3,Yes
10881,Sales,Sales Manager,Female,29,Multicity,2016-10-25,,,86983,5,0,,Bachelors,10633.0,106,Active,2016,,Mahnoor Qureshi,26-35,1,Yes
10882,Marketing,Marketing Specialist,Male,27,Lahore,2011-11-29,2018-08-15,Voluntary,87020,3,0,,Bachelors,10366.0,81,Terminated,2011,2018.0,Maria Butt,26-35,3,Yes
10883,Operations,Operations Manager,Male,25,Lahore,2015-07-27,,,102454,4,2,2020-03-18,Diploma,,121,Active,2015,,Maria Iftikhar,≤25,2,Yes
10884,Product,Product Analyst,Male,26,Remote,2012-08-28,,,109920,4,2,2017-06-21,Bachelors,11279.0,157,Active,2012,,Omar Raza,26-35,2,Yes
10885,Product,Product Analyst,Male,34,Lahore,2022-07-08,,,106407,4,1,2027-05-05,Bachelors,,37,Active,2022,,Omar Ahmed,26-35,2,Yes
10886,Engineering,Senior Engineer,Female,29,Lahore,2019-05-03,2020-08-06,Voluntary,96071,2,3,2022-07-28,Masters,10946.0,15,Terminated,2019,2020.0,Salman Bhatti,26-35,4,Yes
10887,Operations,Operations Manager,Male,31,Islamabad,2023-08-07,,,75068,3,0,,Bachelors,10812.0,24,Active,2023,,Amna Bhatti,26-35,3,Yes
10888,Customer Success,CS Manager,Male,28,Karachi,2023-05-16,,,75903,4,0,,Bachelors,10234.0,26,Active,2023,,Imran Iftikhar,26-35,2,Yes
10889,Sales,Sales Rep,Male,29,Remote,2023-11-15,,,84302,3,0,,Bachelors,,20,Active,2023,,Adnan Aslam,26-35,3,Yes
10890,Customer Success,CS Manager,Female,21,Lahore,2015-01-23,,,80744,3,1,2016-05-12,Bachelors,11400.0,128,Active,2015,,Sana Nawaz,≤25,3,Yes
10891,HR,Recruiter,Female,25,Karachi,2021-09-20,2024-01-27,Voluntary,74776,4,0,,Bachelors,10438.0,28,Terminated,2021,2024.0,Nadia Yousaf,≤25,2,Yes
10892,Operations,Operations Manager,Male,27,Karachi,2018-07-14,,,64078,3,1,2023-10-03,Bachelors,10858.0,85,Active,2018,,Amna Nawaz,26-35,3,Yes
10893,Finance,Finance Manager,Female,37,Karachi,2020-02-08,,,78852,3,0,,Masters,10020.0,66,Active,2020,,Adnan Aslam,36-45,3,Yes
10894,Marketing,Marketing Manager,Male,39,Islamabad,2019-12-06,,,82395,2,0,,Masters,10648.0,68,Active,2019,,Bilal Bhatti,36-45,4,Yes
10895,Engineering,QA Engineer,Female,32,Lahore,2016-09-01,,,83031,4,0,,Masters,11479.0,108,Active,2016,,Hassan Nawaz,26-35,2,Yes
10896,Engineering,QA Engineer,Female,42,Remote,2023-03-15,,,105644,4,0,,Bachelors,10384.0,29,Active,2023,,Ali Shah,36-45,2,Yes
10897,HR,HR Manager,Female,34,Islamabad,2019-08-14,,,143861,3,0,,Bachelors,10029.0,72,Active,2019,,Hina Iftikhar,26-35,3,Yes
10898,HR,Recruiter,Male,23,Remote,2016-11-06,,,105627,4,0,,Masters,10933.0,106,Active,2016,,Ali Bhatti,≤25,2,Yes
10899,HR,Recruiter,Male,32,Lahore,2022-10-03,,,73339,4,0,,Bachelors,10877.0,34,Active,2022,,Shahid Iftikhar,26-35,2,Yes
10900,HR,HR Manager,Female,24,Lahore,2023-12-06,,,43561,4,1,2028-10-15,Masters,11437.0,20,Active,2023,,Zara Aslam,≤25,2,Yes
10901,Operations,Operations Associate,Other,40,Remote,2011-05-09,2011-10-20,Involuntary,103634,3,1,2015-02-18,Masters,11115.0,5,Terminated,2011,2011.0,Nadia Chaudhry,36-45,3,Yes
10902,Engineering,QA Engineer,Male,41,Remote,2023-09-04,,,102736,4,2,2025-11-10,Bachelors,10780.0,23,Active,2023,,Imran Qureshi,36-45,2,Yes
10903,Engineering,QA Engineer,Female,32,Lahore,2012-03-23,,,71896,3,1,2016-11-02,Masters,10015.0,162,Active,2012,,Hassan Butt,26-35,3,Yes
10904,Product,Product Manager,Male,41,Karachi,2014-08-30,,,88760,3,0,,PhD,,132,Active,2014,,Salman Chaudhry,36-45,3,Yes
10905,Operations,Operations Associate,Female,31,Lahore,2024-01-12,2024-07-17,Involuntary,111089,4,0,,Bachelors,10650.0,6,Terminated,2024,2024.0,Ali Aslam,26-35,2,Yes
10906,Sales,Sales Manager,Other,43,Karachi,2014-09-25,,,84520,2,0,,Masters,11183.0,132,Active,2014,,Adnan Zafar,36-45,4,Yes
10907,HR,HR Manager,Male,34,Islamabad,2015-12-08,,,64898,3,0,,Bachelors,11454.0,117,Active,2015,,Rabia Shah,26-35,3,Yes
10908,Customer Success,CS Manager,Female,48,Islamabad,2024-10-24,,,86819,4,0,,Bachelors,10660.0,9,Active,2024,,Zara Nawaz,46-55,2,Yes
10909,Engineering,Software Engineer,Male,21,Karachi,2011-10-28,,,117276,2,0,,Masters,10161.0,167,Active,2011,,Omar Butt,≤25,4,Yes
10910,Marketing,Marketing Specialist,Female,34,Karachi,2013-07-10,,,68054,4,0,,Bachelors,10454.0,146,Active,2013,,Bilal Farooq,26-35,2,Yes
10911,Sales,Sales Manager,Female,26,Islamabad,2015-05-19,,,75699,3,0,,Bachelors,10169.0,124,Active,2015,,Mahnoor Nawaz,26-35,3,Yes
10912,Product,Product Manager,Female,29,Lahore,2013-11-24,2024-04-11,Retirement,106667,2,2,2015-09-10,Bachelors,10190.0,126,Terminated,2013,2024.0,Sana Hussain,26-35,4,Yes
10913,Engineering,Tech Lead,Female,30,Karachi,2022-05-19,,,80079,4,1,2025-09-12,Bachelors,,39,Active,2022,,Omar Siddiqui,26-35,2,Yes
10914,Engineering,QA Engineer,Male,33,Karachi,2011-09-07,,,83102,4,2,2013-09-09,Bachelors,,169,Active,2011,,Zara Farooq,26-35,2,Yes
10915,Operations,Operations Associate,Male,25,Karachi,2013-07-06,,,103627,5,0,,Bachelors,11068.0,146,Active,2013,,Amna Zafar,≤25,1,Yes
10916,Customer Success,CS Manager,Male,30,Karachi,2010-01-22,2021-08-14,Involuntary,100778,3,0,,Bachelors,10060.0,140,Terminated,2010,2021.0,Shahid Farooq,26-35,3,Yes
10917,Sales,Sales Rep,Male,36,Islamabad,2019-03-01,2022-04-24,Voluntary,114580,5,1,2022-02-11,Masters,10956.0,38,Terminated,2019,2022.0,Ali Ahmed,36-45,1,Yes
10918,Customer Success,CS Associate,Male,21,Remote,2020-02-08,,,78308,3,0,,Bachelors,11469.0,66,Active,2020,,Nadia Aslam,≤25,3,Yes
10919,Sales,Account Executive,Male,38,Islamabad,2023-04-27,,,89453,2,0,,Bachelors,10887.0,27,Active,2023,,Sana Aslam,36-45,4,Yes
10920,Product,Product Analyst,Female,26,Karachi,2020-07-16,,,76644,2,0,,Bachelors,10722.0,61,Active,2020,,Ayesha Butt,26-35,4,Yes
10921,HR,HR Manager,Female,32,Lahore,2016-07-13,,,107800,5,0,,Bachelors,11236.0,110,Active,2016,,Bilal Nawaz,26-35,1,Yes
10922,Customer Success,CS Associate,Male,28,Karachi,2010-09-25,,,99154,3,0,,Bachelors,10440.0,180,Active,2010,,Shahid Zafar,26-35,3,Yes
10923,Operations,Operations Manager,Male,46,Karachi,2015-03-12,2022-12-29,Voluntary,61980,3,2,2018-10-20,Bachelors,10476.0,94,Terminated,2015,2022.0,Hassan Chaudhry,46-55,3,Yes
10924,Marketing,SEO Analyst,Male,30,Karachi,2016-06-18,,,97660,3,0,,Masters,,111,Active,2016,,Omar Malik,26-35,3,Yes
10925,Customer Success,CS Manager,Female,28,Islamabad,2016-05-05,,,67800,3,0,,Masters,10101.0,112,Active,2016,,Mahnoor Hussain,26-35,3,Yes
10926,Customer Success,CS Associate,Male,38,Karachi,2020-03-08,2022-10-21,Voluntary,94308,3,0,,Bachelors,10583.0,31,Terminated,2020,2022.0,Ayesha Yousaf,36-45,3,Yes
10927,Engineering,DevOps Engineer,Female,28,Remote,2011-08-07,,,100037,4,0,,Bachelors,11080.0,170,Active,2011,,Amna Shah,26-35,2,Yes
10928,Engineering,Software Engineer,Male,21,Karachi,2015-03-28,,,134494,4,1,2017-10-10,Bachelors,10163.0,125,Active,2015,,Hina Khan,≤25,2,Yes
10929,Marketing,SEO Analyst,Male,32,Karachi,2015-12-08,,,81515,5,0,,Bachelors,10248.0,117,Active,2015,,Salman Khan,26-35,1,Yes
10930,Customer Success,CS Manager,Male,34,Karachi,2024-01-08,2024-05-24,Contract End,72130,4,0,,Masters,10180.0,4,Terminated,2024,2024.0,Adnan Siddiqui,26-35,2,Yes
10931,Engineering,Tech Lead,Female,30,Lahore,2023-03-25,2025-03-28,Retirement,77399,3,1,2028-08-17,Bachelors,10623.0,24,Terminated,2023,2025.0,Bilal Farooq,26-35,3,Yes
10932,Engineering,Tech Lead,Female,29,Islamabad,2024-10-30,,,107169,4,1,2026-08-08,Bachelors,10653.0,9,Active,2024,,Mahnoor Farooq,26-35,2,Yes
10933,Legal,Legal Counsel,Female,37,Islamabad,2014-06-09,,,126972,3,1,2018-02-11,Masters,,135,Active,2014,,Adnan Sheikh,36-45,3,Yes
10934,Sales,Sales Manager,Male,33,Karachi,2019-07-15,,,115917,4,1,2022-07-06,Bachelors,11350.0,73,Active,2019,,Usman Bhatti,26-35,2,Yes
10935,Operations,Operations Associate,Female,31,Karachi,2012-07-29,,,88716,3,1,2017-05-02,Bachelors,10384.0,158,Active,2012,,Maria Siddiqui,26-35,3,Yes
10936,Finance,Accountant,Male,32,Lahore,2022-03-20,,,94294,4,0,,Masters,10929.0,41,Active,2022,,Imran Chaudhry,26-35,2,Yes
10937,Operations,Operations Associate,Female,24,Karachi,2015-01-16,,,112938,5,3,2019-07-09,Bachelors,10384.0,128,Active,2015,,Maria Bhatti,≤25,1,Yes
10938,Engineering,QA Engineer,Male,26,Karachi,2024-07-11,,,80380,4,1,2026-05-08,Bachelors,10225.0,12,Active,2024,,Hamza Anwar,26-35,2,Yes
10939,Sales,Account Executive,Male,39,Karachi,2013-05-05,,,110768,3,0,,Bachelors,,149,Active,2013,,Hamza Raza,36-45,3,Yes
10940,Engineering,QA Engineer,Male,28,Lahore,2015-12-17,,,95409,3,0,,Bachelors,10100.0,117,Active,2015,,Imran Zafar,26-35,3,Yes
10941,Operations,Operations Manager,Male,27,Karachi,2013-03-11,2019-06-18,Voluntary,64972,3,2,2016-08-14,Bachelors,10509.0,76,Terminated,2013,2019.0,Salman Javed,26-35,3,Yes
10942,Product,Product Manager,Male,37,Remote,2011-08-08,,,86190,3,0,,Bachelors,11270.0,170,Active,2011,,Fatima Javed,36-45,3,Yes
10943,Operations,Operations Manager,Male,25,Karachi,2011-05-04,,,95968,4,1,2013-11-03,Bachelors,10416.0,173,Active,2011,,Shahid Anwar,≤25,2,Yes
10944,Sales,Account Executive,Female,21,Karachi,2013-09-21,2017-12-15,Voluntary,90198,4,0,,Bachelors,11408.0,51,Terminated,2013,2017.0,Salman Zafar,≤25,2,Yes
10945,Sales,Account Executive,Female,41,Karachi,2016-11-24,,,105548,3,1,2017-12-20,Masters,10042.0,105,Active,2016,,Imran Khan,36-45,3,Yes
10946,Engineering,Tech Lead,Female,26,Karachi,2023-05-07,,,134947,1,0,,Bachelors,10002.0,27,Active,2023,,Hassan Farooq,26-35,5,Yes
10947,Finance,Financial Analyst,Male,31,Karachi,2022-10-07,2024-10-02,Contract End,101879,4,1,2026-09-16,Bachelors,10192.0,24,Terminated,2022,2024.0,Sana Butt,26-35,2,Yes
10948,Engineering,Tech Lead,Male,29,Islamabad,2016-06-22,,,90145,3,0,,Bachelors,10027.0,110,Active,2016,,Hina Javed,26-35,3,Yes
10949,Customer Success,CS Associate,Female,41,Remote,2019-11-07,,,84823,4,0,,PhD,10230.0,69,Active,2019,,Mahnoor Bhatti,36-45,2,Yes
10950,Sales,Sales Manager,Female,34,Karachi,2012-10-15,,,124253,4,0,,Masters,11019.0,155,Active,2012,,Usman Zafar,26-35,2,Yes
10951,Engineering,DevOps Engineer,Female,21,Multicity,2020-07-06,,,98627,4,0,,Bachelors,,61,Active,2020,,Ayesha Chaudhry,≤25,2,Yes
10952,Operations,Operations Manager,Female,24,Islamabad,2016-10-27,,,85233,3,0,,Diploma,10543.0,106,Active,2016,,Adnan Malik,≤25,3,Yes
10953,Product,Product Analyst,Female,39,Lahore,2019-01-11,,,92115,5,0,,Bachelors,11065.0,79,Active,2019,,Adnan Ahmed,36-45,1,Yes
10954,Operations,Operations Associate,Male,38,Lahore,2016-02-09,,,115029,4,2,2018-09-21,Bachelors,11403.0,115,Active,2016,,Hamza Aslam,36-45,2,Yes
10955,Engineering,Senior Engineer,Male,38,Karachi,2021-03-23,,,105774,2,0,,Bachelors,10603.0,53,Active,2021,,Maria Raza,36-45,4,Yes
10956,Engineering,Software Engineer,Male,36,Remote,2022-02-10,,,110127,3,0,,Bachelors,10001.0,42,Active,2022,,Rabia Ahmed,36-45,3,Yes
10957,Engineering,Senior Engineer,Male,25,Karachi,2021-01-28,,,148234,4,0,,Masters,10176.0,54,Active,2021,,Bilal Javed,≤25,2,Yes
10958,Operations,Operations Associate,Other,34,Karachi,2019-10-27,,,76411,2,1,2022-01-17,Bachelors,,70,Active,2019,,Sana Bhatti,26-35,4,Yes
10959,Sales,Sales Manager,Female,35,Lahore,2011-10-21,,,131615,2,0,,Bachelors,10636.0,167,Active,2011,,Shahid Javed,26-35,4,Yes
10960,Engineering,QA Engineer,Female,34,Karachi,2023-06-01,,,75165,4,0,,Bachelors,11135.0,26,Active,2023,,Amna Butt,26-35,2,Yes
10961,Engineering,Tech Lead,Male,32,Lahore,2010-11-23,,,109013,3,0,,Bachelors,10894.0,178,Active,2010,,Nadia Iftikhar,26-35,3,Yes
10962,Engineering,DevOps Engineer,Male,30,Karachi,2019-09-10,,,137754,4,0,,Bachelors,10861.0,71,Active,2019,,Shahid Zafar,26-35,2,Yes
10963,Product,Product Analyst,Male,23,Lahore,2017-03-25,,,103064,3,0,,Masters,10619.0,101,Active,2017,,Zara Zafar,≤25,3,Yes
10964,Customer Success,CS Associate,Male,40,Lahore,2023-07-17,,,80578,3,1,2028-10-09,Masters,11372.0,24,Active,2023,,Hassan Anwar,36-45,3,Yes
10965,Engineering,DevOps Engineer,Male,23,Karachi,2015-08-14,2025-01-02,Contract End,72058,2,1,2019-12-13,Bachelors,10986.0,114,Terminated,2015,2025.0,Imran Raza,≤25,4,Yes
10966,Operations,Operations Associate,Male,22,Lahore,2010-07-31,,,33357,4,1,2015-07-06,Bachelors,11014.0,182,Active,2010,,Amna Javed,≤25,2,Yes
10967,Engineering,Senior Engineer,Male,41,Karachi,2012-01-19,,,90737,1,1,2015-10-08,Masters,10137.0,164,Active,2012,,Sana Butt,36-45,5,Yes
10968,Engineering,DevOps Engineer,Female,21,Lahore,2015-02-19,,,92230,2,1,2016-04-09,Masters,10113.0,127,Active,2015,,Nadia Ahmed,≤25,4,Yes
10969,Product,Product Analyst,Male,34,Multicity,2022-11-26,,,98984,4,0,,Bachelors,11395.0,32,Active,2022,,Adnan Malik,26-35,2,Yes
10970,Finance,Finance Manager,Female,32,Lahore,2023-03-03,,,79723,2,0,,Masters,10349.0,29,Active,2023,,Fatima Chaudhry,26-35,4,Yes
10971,Marketing,Marketing Manager,Male,36,Lahore,2010-06-19,,,70354,4,1,2014-10-06,Bachelors,10801.0,184,Active,2010,,Fatima Aslam,36-45,2,Yes
10972,HR,HR Specialist,Male,30,Remote,2016-01-17,2019-04-21,Voluntary,93409,3,0,,Bachelors,11321.0,39,Terminated,2016,2019.0,Imran Sheikh,26-35,3,Yes
10973,Operations,Operations Manager,Male,34,Remote,2022-12-04,,,71860,3,1,2027-12-23,Bachelors,10324.0,32,Active,2022,,Usman Malik,26-35,3,Yes
10974,Sales,Sales Manager,Male,31,Remote,2010-11-26,,,77394,3,0,,Bachelors,11343.0,178,Active,2010,,Shahid Khan,26-35,3,Yes
10975,Operations,Operations Manager,Male,41,Remote,2013-12-06,2020-10-21,Retirement,83275,2,1,2018-07-19,Bachelors,,83,Terminated,2013,2020.0,Ayesha Chaudhry,36-45,4,Yes
10976,Marketing,Marketing Specialist,Female,23,Remote,2020-07-21,,,75811,3,0,,Bachelors,11189.0,61,Active,2020,,Nadia Siddiqui,≤25,3,Yes
10977,Sales,Sales Manager,Female,25,Karachi,2021-08-22,2022-08-12,Voluntary,54261,4,1,2025-06-09,Diploma,10474.0,11,Terminated,2021,2022.0,Shahid Shah,≤25,2,Yes
10978,Product,Product Manager,Male,31,Remote,2024-08-12,,,76412,3,0,,Diploma,,11,Active,2024,,Ali Yousaf,26-35,3,Yes
10979,Engineering,Tech Lead,Male,35,Remote,2019-12-02,2024-04-12,Voluntary,93343,4,0,,Bachelors,10220.0,53,Terminated,2019,2024.0,Usman Khan,26-35,2,Yes
10980,Operations,Operations Manager,Male,24,Islamabad,2016-03-28,,,84155,2,1,2019-12-28,Bachelors,10412.0,113,Active,2016,,Shahid Butt,≤25,4,Yes
10981,Customer Success,CS Associate,Female,33,Remote,2014-01-26,,,58473,3,2,2018-08-06,Diploma,10068.0,140,Active,2014,,Usman Ahmed,26-35,3,Yes
10982,Customer Success,CS Manager,Male,34,Lahore,2023-02-17,,,103854,2,0,,Bachelors,11491.0,29,Active,2023,,Hamza Zafar,26-35,4,Yes
10983,Operations,Operations Manager,Male,43,Karachi,2019-10-11,,,78768,3,0,,Bachelors,10282.0,70,Active,2019,,Usman Ahmed,36-45,3,Yes
10984,Customer Success,CS Associate,Male,27,Lahore,2024-03-28,2024-06-06,Voluntary,126361,3,1,2025-10-20,Bachelors,11231.0,2,Terminated,2024,2024.0,Usman Qureshi,26-35,3,Yes
10985,Marketing,Marketing Specialist,Male,34,Remote,2021-01-11,,,85029,3,0,,Masters,10323.0,55,Active,2021,,Bilal Butt,26-35,3,Yes
10986,Product,Product Manager,Male,31,Karachi,2012-01-18,,,113292,4,0,,Bachelors,11118.0,164,Active,2012,,Hamza Qureshi,26-35,2,Yes
10987,Operations,Operations Associate,Female,31,Remote,2020-07-17,,,96200,4,1,2021-09-21,Bachelors,10685.0,61,Active,2020,,Amna Malik,26-35,2,Yes
10988,Product,Product Manager,Male,21,Lahore,2017-10-21,,,92872,5,0,,Masters,10482.0,94,Active,2017,,Nadia Ahmed,≤25,1,Yes
10989,Finance,Finance Manager,Female,31,Islamabad,2019-02-28,,,88288,1,0,,Diploma,,78,Active,2019,,Adnan Aslam,26-35,5,Yes
10990,Marketing,Marketing Manager,Female,32,Remote,2017-06-23,,,98392,2,1,2022-07-13,Bachelors,11039.0,98,Active,2017,,Mahnoor Khan,26-35,4,Yes
10991,Sales,Account Executive,Male,40,Karachi,2017-03-15,,,101671,5,1,2018-04-27,Diploma,10401.0,102,Active,2017,,Omar Chaudhry,36-45,1,Yes
10992,Marketing,SEO Analyst,Female,28,Islamabad,2012-05-06,,,107111,2,1,2017-08-21,Bachelors,11436.0,161,Active,2012,,Hassan Anwar,26-35,4,Yes
10993,HR,HR Specialist,Male,44,Karachi,2013-08-10,,,111412,5,1,2016-07-30,Bachelors,10118.0,145,Active,2013,,Ayesha Siddiqui,36-45,1,Yes
10994,Sales,Sales Rep,Female,23,Karachi,2017-05-25,,,101448,4,0,,Masters,10030.0,99,Active,2017,,Omar Anwar,≤25,2,Yes
10995,Product,Product Manager,Female,21,Karachi,2019-03-27,2021-05-04,Voluntary,115226,3,0,,Masters,10598.0,25,Terminated,2019,2021.0,Hina Anwar,≤25,3,Yes
10996,Engineering,QA Engineer,Male,30,Karachi,2021-02-10,2022-08-06,Contract End,75810,3,2,2026-01-24,Masters,10451.0,18,Terminated,2021,2022.0,Imran Anwar,26-35,3,Yes
10997,Finance,Accountant,Female,27,Islamabad,2016-06-19,,,85505,4,0,,Bachelors,11429.0,111,Active,2016,,Rabia Javed,26-35,2,Yes
10998,Marketing,Marketing Specialist,Male,40,Remote,2024-11-10,,,123108,4,0,,Bachelors,10280.0,8,Active,2024,,Ayesha Khan,36-45,2,Yes
10999,Customer Success,CS Manager,Male,30,Lahore,2018-12-25,2020-08-27,Voluntary,79855,3,2,2022-06-13,Masters,10233.0,20,Terminated,2018,2020.0,Rabia Anwar,26-35,3,Yes
11000,Engineering,Software Engineer,Male,21,Lahore,2022-05-04,,,126366,5,0,,Bachelors,10786.0,39,Active,2022,,Hina Zafar,≤25,1,Yes
11001,Finance,Accountant,Male,31,Karachi,2010-10-28,,,90622,2,1,2014-03-28,Bachelors,10064.0,179,Active,2010,,Maria Aslam,26-35,4,Yes
11002,Marketing,SEO Analyst,Female,33,Remote,2020-03-14,,,79923,3,0,,Masters,11210.0,65,Active,2020,,Bilal Raza,26-35,3,Yes
11003,Engineering,Software Engineer,Male,33,Remote,2011-12-23,,,108860,3,0,,Masters,10116.0,165,Active,2011,,Omar Shah,26-35,3,Yes
11004,Customer Success,CS Associate,Female,25,Remote,2017-01-20,,,108689,5,1,2021-01-19,Bachelors,11163.0,103,Active,2017,,Mahnoor Khan,≤25,1,Yes
11005,Customer Success,CS Associate,Male,28,Lahore,2015-08-30,,,91399,5,0,,Bachelors,11397.0,120,Active,2015,,Rabia Zafar,26-35,1,Yes
11006,Product,Product Manager,Other,36,Islamabad,2017-04-02,,,99401,3,0,,Bachelors,10550.0,101,Active,2017,,Rabia Sheikh,36-45,3,Yes
11007,Operations,Operations Associate,Male,37,Lahore,2012-08-07,,,79025,3,1,2014-08-08,Bachelors,10018.0,158,Active,2012,,Rabia Bhatti,36-45,3,Yes
11008,Finance,Accountant,Male,21,Remote,2019-01-25,,,77800,2,1,2020-07-05,Bachelors,10643.0,79,Active,2019,,Nadia Nawaz,≤25,4,Yes
11009,Product,Product Analyst,Male,37,Islamabad,2021-07-17,,,74499,4,0,,Bachelors,10300.0,49,Active,2021,,Adnan Hussain,36-45,2,Yes
11010,Product,Product Manager,Male,21,Islamabad,2010-01-10,,,82504,3,0,,Bachelors,11133.0,189,Active,2010,,Omar Shah,≤25,3,Yes
11011,Operations,Operations Associate,Female,37,Multicity,2024-10-01,,,42595,1,0,,Masters,11106.0,10,Active,2024,,Bilal Iftikhar,36-45,5,Yes
11012,Operations,Operations Associate,Male,42,Karachi,2022-03-03,,,96264,3,1,2024-06-30,Bachelors,11394.0,41,Active,2022,,Amna Anwar,36-45,3,Yes
11013,HR,HR Manager,Male,29,Karachi,2020-05-12,2023-11-06,Involuntary,76108,3,0,,Bachelors,10963.0,42,Terminated,2020,2023.0,Ayesha Qureshi,26-35,3,Yes
11014,Product,Product Analyst,Female,44,Karachi,2019-04-09,2021-01-12,Retirement,72699,1,0,,Masters,11046.0,21,Terminated,2019,2021.0,Nadia Farooq,36-45,5,Yes
11015,Operations,Operations Manager,Female,32,Lahore,2011-03-21,,,81681,4,1,2013-01-21,Bachelors,,174,Active,2011,,Hina Qureshi,26-35,2,Yes
11016,Engineering,Software Engineer,Female,23,Multicity,2014-03-17,,,115521,5,2,2018-09-27,Bachelors,10248.0,138,Active,2014,,Omar Raza,≤25,1,Yes
11017,Customer Success,CS Manager,Female,29,Islamabad,2021-08-18,,,61437,3,0,,Bachelors,10499.0,48,Active,2021,,Imran Iftikhar,26-35,3,Yes
11018,Sales,Account Executive,Male,39,Karachi,2018-02-11,,,100313,4,1,2021-08-10,Masters,10741.0,90,Active,2018,,Ali Sheikh,36-45,2,Yes
11019,Engineering,DevOps Engineer,Male,25,Remote,2023-12-19,,,93384,4,1,2027-06-25,Masters,10256.0,19,Active,2023,,Ayesha Butt,≤25,2,Yes
11020,Product,Product Manager,Female,24,Lahore,2021-03-07,,,107874,2,0,,Bachelors,10642.0,53,Active,2021,,Imran Chaudhry,≤25,4,Yes
11021,Engineering,QA Engineer,Male,37,Multicity,2024-01-11,,,122309,4,0,,Masters,10929.0,18,Active,2024,,Shahid Bhatti,36-45,2,Yes
11022,Engineering,Software Engineer,Male,30,Islamabad,2019-12-01,,,114246,3,0,,Bachelors,10883.0,69,Active,2019,,Hamza Nawaz,26-35,3,Yes
11023,Engineering,Senior Engineer,Female,23,Karachi,2011-02-27,,,135333,5,0,,PhD,10823.0,175,Active,2011,,Usman Nawaz,≤25,1,Yes
11024,Operations,Operations Associate,Female,37,Karachi,2014-07-26,,,52337,4,1,2018-11-18,Masters,11479.0,134,Active,2014,,Zara Sheikh,36-45,2,Yes
11025,Engineering,Tech Lead,Female,34,Remote,2015-12-28,,,108509,4,1,2019-06-07,Bachelors,10275.0,116,Active,2015,,Imran Butt,26-35,2,Yes
11026,Customer Success,CS Manager,Male,26,Karachi,2022-04-27,,,76460,4,1,2025-11-10,Bachelors,11041.0,39,Active,2022,,Hassan Zafar,26-35,2,Yes
11027,Operations,Operations Manager,Female,39,Karachi,2012-12-09,,,99025,3,0,,Bachelors,11187.0,153,Active,2012,,Fatima Shah,36-45,3,Yes
11028,Finance,Accountant,Male,39,Lahore,2016-06-17,,,123769,5,0,,Bachelors,,111,Active,2016,,Hassan Shah,36-45,1,Yes
11029,Product,Product Manager,Male,38,Karachi,2019-10-30,,,125636,3,0,,Bachelors,10589.0,70,Active,2019,,Sana Aslam,36-45,3,Yes
11030,Sales,Account Executive,Male,39,Karachi,2020-11-14,,,74683,3,0,,Masters,10474.0,57,Active,2020,,Hassan Javed,36-45,3,Yes
11031,Operations,Operations Associate,Male,25,Lahore,2012-09-21,,,105150,2,0,,Bachelors,11105.0,156,Active,2012,,Nadia Zafar,≤25,4,Yes
11032,Marketing,Marketing Specialist,Male,27,Remote,2010-08-25,2015-04-15,Voluntary,104199,5,0,,Bachelors,10258.0,56,Terminated,2010,2015.0,Mahnoor Khan,26-35,1,Yes
11033,Customer Success,CS Associate,Female,34,Islamabad,2024-02-18,,,70243,2,1,2027-07-22,Bachelors,10280.0,17,Active,2024,,Imran Shah,26-35,4,Yes
11034,Product,Product Manager,Female,27,Remote,2023-08-28,,,114992,3,0,,Bachelors,10686.0,23,Active,2023,,Fatima Siddiqui,26-35,3,Yes
11035,Sales,Sales Manager,Female,31,Islamabad,2015-05-15,2023-03-01,Voluntary,100670,5,0,,Bachelors,,94,Terminated,2015,2023.0,Amna Chaudhry,26-35,1,Yes
11036,Customer Success,CS Associate,Male,25,Lahore,2013-07-21,,,128228,4,0,,Diploma,10503.0,146,Active,2013,,Ayesha Sheikh,≤25,2,Yes
11037,Engineering,QA Engineer,Female,29,Karachi,2016-12-20,,,82595,3,0,,Bachelors,11017.0,104,Active,2016,,Ayesha Nawaz,26-35,3,Yes
11038,Sales,Sales Rep,Female,34,Karachi,2022-05-10,,,108758,4,0,,Bachelors,11004.0,39,Active,2022,,Omar Nawaz,26-35,2,Yes
11039,Marketing,Marketing Specialist,Female,27,Karachi,2010-04-23,,,90010,4,0,,Masters,10714.0,185,Active,2010,,Imran Iftikhar,26-35,2,Yes
11040,Finance,Finance Manager,Female,21,Remote,2022-05-22,,,111175,4,1,2027-02-18,Bachelors,10803.0,38,Active,2022,,Adnan Anwar,≤25,2,Yes
11041,Marketing,Marketing Manager,Male,36,Karachi,2019-02-25,2022-06-15,Voluntary,75337,3,0,,Bachelors,10360.0,40,Terminated,2019,2022.0,Usman Shah,36-45,3,Yes
11042,Finance,Accountant,Female,46,Karachi,2012-02-03,,,94896,2,2,2015-10-20,Masters,11230.0,164,Active,2012,,Usman Raza,46-55,4,Yes
11043,HR,HR Specialist,Male,35,Karachi,2015-01-15,,,92962,4,0,,Bachelors,10661.0,128,Active,2015,,Hamza Aslam,26-35,2,Yes
11044,Sales,Account Executive,Male,37,Remote,2012-07-18,,,67246,3,0,,Bachelors,10448.0,158,Active,2012,,Imran Raza,36-45,3,Yes
11045,Sales,Sales Rep,Male,31,Lahore,2020-05-08,,,90920,2,1,2022-07-04,Masters,11256.0,63,Active,2020,,Hamza Ahmed,26-35,4,Yes
11046,Operations,Operations Associate,Female,37,Karachi,2012-08-20,,,128824,4,0,,Bachelors,10722.0,157,Active,2012,,Imran Shah,36-45,2,Yes
11047,Customer Success,CS Manager,Female,27,Lahore,2024-07-12,,,95743,2,0,,Bachelors,11470.0,12,Active,2024,,Omar Sheikh,26-35,4,Yes
11048,Sales,Sales Rep,Female,39,Karachi,2013-06-15,,,104423,4,0,,Diploma,10041.0,147,Active,2013,,Maria Chaudhry,36-45,2,Yes
11049,Customer Success,CS Manager,Male,23,Islamabad,2021-03-06,2022-11-05,Voluntary,74843,3,0,,Masters,10557.0,20,Terminated,2021,2022.0,Hamza Khan,≤25,3,Yes
11050,Customer Success,CS Associate,Female,41,Karachi,2016-07-18,,,92686,3,1,2018-01-07,Bachelors,11440.0,110,Active,2016,,Hina Javed,36-45,3,Yes
11051,Customer Success,CS Associate,Male,26,Islamabad,2021-05-31,,,90601,5,0,,Bachelors,10801.0,50,Active,2021,,Salman Iftikhar,26-35,1,Yes
11052,Engineering,DevOps Engineer,Female,42,Islamabad,2016-02-18,,,68224,4,0,,Bachelors,10204.0,115,Active,2016,,Maria Khan,36-45,2,Yes
11053,Sales,Sales Manager,Female,30,Lahore,2019-04-27,,,85767,3,0,,Bachelors,10582.0,76,Active,2019,,Fatima Aslam,26-35,3,Yes
11054,Product,Product Manager,Male,32,Multicity,2020-10-27,,,95495,5,0,,Masters,10926.0,57,Active,2020,,Shahid Malik,26-35,1,Yes
11055,Sales,Sales Rep,Male,41,Karachi,2020-08-04,,,96760,3,0,,Masters,11290.0,60,Active,2020,,Ali Butt,36-45,3,Yes
11056,Product,Product Manager,Female,27,Karachi,2015-06-20,,,57348,3,1,2016-12-07,Bachelors,10969.0,123,Active,2015,,Ali Raza,26-35,3,Yes
11057,Marketing,Marketing Manager,Female,27,Karachi,2020-03-30,,,82018,3,0,,Masters,10074.0,65,Active,2020,,Usman Raza,26-35,3,Yes
11058,Sales,Sales Manager,Female,34,Remote,2022-05-13,,,69485,3,1,2026-07-07,Masters,10641.0,39,Active,2022,,Amna Chaudhry,26-35,3,Yes
11059,Product,Product Manager,Male,36,Islamabad,2013-03-30,,,97233,4,0,,Diploma,10215.0,150,Active,2013,,Sana Butt,36-45,2,Yes
11060,HR,HR Specialist,Male,38,Islamabad,2018-08-09,2020-01-18,Voluntary,118789,3,0,,Diploma,10868.0,17,Terminated,2018,2020.0,Salman Nawaz,36-45,3,Yes
11061,Finance,Finance Manager,Female,47,Lahore,2014-04-11,,,69705,3,1,2017-07-06,Bachelors,10602.0,137,Active,2014,,Hamza Zafar,46-55,3,Yes
11062,Operations,Operations Manager,Male,32,Islamabad,2023-06-12,,,70354,4,0,,Bachelors,10418.0,26,Active,2023,,Mahnoor Ahmed,26-35,2,Yes
11063,Customer Success,CS Associate,Male,27,Karachi,2021-05-26,,,91706,5,0,,Diploma,10277.0,50,Active,2021,,Mahnoor Shah,26-35,1,Yes
11064,Engineering,QA Engineer,Male,34,Lahore,2013-01-23,2014-08-25,Contract End,81919,1,0,,Masters,10192.0,19,Terminated,2013,2014.0,Hassan Bhatti,26-35,5,Yes
11065,Marketing,SEO Analyst,Male,37,Islamabad,2011-07-26,,,64592,2,1,2016-02-18,Bachelors,11287.0,170,Active,2011,,Zara Malik,36-45,4,Yes
11066,Engineering,Senior Engineer,Male,46,Remote,2016-03-13,,,99611,3,0,,Bachelors,10825.0,114,Active,2016,,Fatima Khan,46-55,3,Yes
11067,Product,Product Manager,Male,39,Karachi,2019-04-23,,,59085,3,2,2021-10-12,Bachelors,11069.0,76,Active,2019,,Imran Anwar,36-45,3,Yes
11068,Marketing,SEO Analyst,Male,27,Islamabad,2017-08-16,,,117323,3,0,,Masters,11369.0,96,Active,2017,,Fatima Yousaf,26-35,3,Yes
11069,Product,Product Manager,Male,23,Islamabad,2021-05-22,,,87021,2,1,2025-11-01,Bachelors,10000.0,51,Active,2021,,Omar Farooq,≤25,4,Yes
11070,Sales,Sales Rep,Male,37,Remote,2015-12-29,,,85146,3,0,,Bachelors,10493.0,116,Active,2015,,Omar Butt,36-45,3,Yes
11071,Marketing,SEO Analyst,Female,30,Islamabad,2010-01-22,,,86889,4,1,2012-11-01,Bachelors,10438.0,189,Active,2010,,Hamza Chaudhry,26-35,2,Yes
11072,Product,Product Analyst,Female,41,Remote,2016-05-06,,,66503,3,0,,Masters,11142.0,112,Active,2016,,Hassan Nawaz,36-45,3,Yes
11073,Product,Product Analyst,Male,31,Remote,2016-09-11,,,121812,4,0,,Bachelors,11263.0,108,Active,2016,,Zara Farooq,26-35,2,Yes
11074,Marketing,Marketing Specialist,Male,34,Karachi,2023-03-02,,,70424,1,1,2026-08-23,Bachelors,11200.0,29,Active,2023,,Usman Siddiqui,26-35,5,Yes
11075,Sales,Sales Rep,Female,31,Remote,2023-01-03,,,80113,1,0,,Bachelors,11314.0,31,Active,2023,,Fatima Hussain,26-35,5,Yes
11076,Finance,Financial Analyst,Other,36,Islamabad,2024-10-20,,,70406,2,1,2029-01-03,Masters,10964.0,9,Active,2024,,Salman Khan,36-45,4,Yes
11077,Product,Product Analyst,Male,24,Lahore,2020-12-25,,,56253,4,0,,Masters,10059.0,56,Active,2020,,Amna Ahmed,≤25,2,Yes
11078,Operations,Operations Associate,Female,31,Karachi,2013-05-02,,,109199,2,0,,Masters,10908.0,149,Active,2013,,Mahnoor Aslam,26-35,4,Yes
11079,Operations,Operations Associate,Male,28,Remote,2020-01-07,,,129065,4,0,,Masters,10681.0,67,Active,2020,,Ali Hussain,26-35,2,Yes
11080,Customer Success,CS Associate,Female,34,Karachi,2022-01-30,,,100217,4,1,2025-02-18,Bachelors,,42,Active,2022,,Usman Farooq,26-35,2,Yes
11081,HR,HR Manager,Female,50,Karachi,2020-11-11,,,79154,3,0,,Masters,10908.0,57,Active,2020,,Nadia Ahmed,46-55,3,Yes
11082,Engineering,DevOps Engineer,Male,21,Lahore,2017-09-28,2017-11-10,Voluntary,79519,3,0,,Bachelors,11426.0,1,Terminated,2017,2017.0,Imran Iftikhar,≤25,3,Yes
11083,Engineering,QA Engineer,Male,25,Remote,2017-06-16,,,92826,2,1,2020-03-27,Bachelors,,98,Active,2017,,Hassan Nawaz,≤25,4,Yes
11084,Customer Success,CS Manager,Male,33,Lahore,2022-05-19,,,76379,4,0,,Bachelors,11315.0,39,Active,2022,,Zara Chaudhry,26-35,2,Yes
11085,Product,Product Manager,Female,34,Islamabad,2022-03-10,,,110540,3,0,,Bachelors,11157.0,41,Active,2022,,Ayesha Aslam,26-35,3,Yes
11086,Sales,Sales Rep,Female,34,Karachi,2018-06-18,,,117815,5,0,,Bachelors,10189.0,86,Active,2018,,Nadia Chaudhry,26-35,1,Yes
11087,Finance,Finance Manager,Male,39,Islamabad,2020-03-19,,,92781,4,0,,Masters,11198.0,65,Active,2020,,Adnan Raza,36-45,2,Yes
11088,HR,HR Manager,Female,27,Multicity,2017-03-21,,,81194,4,0,,Masters,10700.0,101,Active,2017,,Mahnoor Malik,26-35,2,Yes
11089,Operations,Operations Manager,Male,46,Islamabad,2014-03-26,,,62280,3,0,,Bachelors,11348.0,138,Active,2014,,Hina Hussain,46-55,3,Yes
11090,Operations,Operations Manager,Male,41,Lahore,2015-05-11,,,96343,3,0,,Bachelors,11436.0,124,Active,2015,,Amna Zafar,36-45,3,Yes
11091,Engineering,Tech Lead,Female,48,Karachi,2022-10-29,,,91912,3,1,2027-06-16,PhD,10733.0,33,Active,2022,,Omar Siddiqui,46-55,3,Yes
11092,Sales,Account Executive,Male,34,Islamabad,2018-08-04,,,88023,4,0,,Bachelors,11496.0,85,Active,2018,,Maria Raza,26-35,2,Yes
11093,HR,HR Specialist,Male,36,Lahore,2015-03-29,,,73729,4,0,,Bachelors,,125,Active,2015,,Hassan Khan,36-45,2,Yes
11094,Product,Product Manager,Male,36,Islamabad,2019-03-20,,,39355,3,0,,Bachelors,10615.0,77,Active,2019,,Rabia Nawaz,36-45,3,Yes
11095,Product,Product Manager,Female,34,Lahore,2010-12-24,2018-07-14,Involuntary,99453,2,0,,Bachelors,10289.0,91,Terminated,2010,2018.0,Zara Qureshi,26-35,4,Yes
11096,Customer Success,CS Associate,Male,28,Lahore,2017-02-19,,,81938,3,0,,Bachelors,10378.0,102,Active,2017,,Shahid Farooq,26-35,3,Yes
11097,Sales,Sales Rep,Male,24,Islamabad,2020-08-10,2023-10-21,Involuntary,120586,3,0,,Bachelors,10964.0,38,Terminated,2020,2023.0,Zara Nawaz,≤25,3,Yes
11098,Marketing,SEO Analyst,Female,38,Remote,2018-07-21,,,94156,4,0,,Masters,10196.0,85,Active,2018,,Hassan Malik,36-45,2,Yes
11099,HR,Recruiter,Female,30,Karachi,2018-08-29,,,61012,4,0,,Masters,10869.0,84,Active,2018,,Hassan Farooq,26-35,2,Yes
11100,Marketing,Marketing Manager,Male,35,Lahore,2024-11-19,,,98364,3,0,,Bachelors,10481.0,8,Active,2024,,Nadia Ahmed,26-35,3,Yes
11101,Sales,Account Executive,Male,40,Karachi,2024-08-16,,,78813,3,0,,Bachelors,11023.0,11,Active,2024,,Mahnoor Hussain,36-45,3,Yes
11102,Engineering,Senior Engineer,Male,36,Karachi,2013-05-31,,,122026,2,1,2015-04-04,Bachelors,10984.0,148,Active,2013,,Salman Malik,36-45,4,Yes
11103,Engineering,QA Engineer,Male,36,Lahore,2021-02-09,,,98042,2,0,,Masters,10207.0,54,Active,2021,,Hamza Zafar,36-45,4,Yes
11104,Operations,Operations Manager,Female,23,Karachi,2010-10-31,,,100107,3,0,,Bachelors,10995.0,179,Active,2010,,Fatima Qureshi,≤25,3,Yes
11105,Operations,Operations Manager,Male,23,Karachi,2012-10-31,,,95854,4,0,,Bachelors,10922.0,155,Active,2012,,Zara Shah,≤25,2,Yes
11106,Finance,Accountant,Female,42,Remote,2021-04-07,,,101084,2,0,,Bachelors,10785.0,52,Active,2021,,Nadia Iftikhar,36-45,4,Yes
11107,Product,Product Manager,Male,37,Karachi,2023-03-28,,,67180,3,0,,Bachelors,11490.0,28,Active,2023,,Ayesha Shah,36-45,3,Yes
11108,Product,Product Analyst,Male,24,Karachi,2017-06-12,2023-01-07,Voluntary,85797,2,0,,Bachelors,10871.0,67,Terminated,2017,2023.0,Maria Ahmed,≤25,4,Yes
11109,Sales,Account Executive,Female,29,Karachi,2012-04-02,,,64897,3,0,,Bachelors,10609.0,162,Active,2012,,Mahnoor Bhatti,26-35,3,Yes
11110,Operations,Operations Associate,Male,35,Karachi,2019-11-16,,,40030,3,0,,Bachelors,11488.0,69,Active,2019,,Imran Anwar,26-35,3,Yes
11111,Engineering,QA Engineer,Male,40,Karachi,2012-03-27,,,92474,4,0,,Bachelors,11072.0,162,Active,2012,,Imran Bhatti,36-45,2,Yes
11112,Marketing,Marketing Specialist,Male,27,Lahore,2021-10-18,2025-06-15,Involuntary,90189,2,0,,Bachelors,10691.0,44,Terminated,2021,2025.0,Maria Sheikh,26-35,4,Yes
11113,Product,Product Analyst,Male,44,Karachi,2020-04-01,,,127946,3,1,2024-11-28,Masters,10887.0,64,Active,2020,,Sana Aslam,36-45,3,Yes
11114,Product,Product Manager,Female,34,Multicity,2010-05-06,,,63265,3,0,,Masters,10100.0,185,Active,2010,,Zara Aslam,26-35,3,Yes
11115,HR,Recruiter,Male,29,Remote,2013-03-26,,,106419,4,0,,Bachelors,10093.0,150,Active,2013,,Ali Malik,26-35,2,Yes
11116,Marketing,Marketing Specialist,Female,32,Karachi,2019-03-13,,,88382,1,0,,Bachelors,10546.0,77,Active,2019,,Maria Bhatti,26-35,5,Yes
11117,Finance,Finance Manager,Male,21,Karachi,2024-09-07,2025-03-22,Voluntary,92392,4,0,,Masters,10943.0,6,Terminated,2024,2025.0,Maria Iftikhar,≤25,2,Yes
11118,Marketing,Marketing Manager,Female,39,Lahore,2013-06-18,,,47887,3,0,,Bachelors,10910.0,147,Active,2013,,Nadia Malik,36-45,3,Yes
11119,Engineering,QA Engineer,Male,25,Islamabad,2011-09-05,,,135403,3,0,,Bachelors,10160.0,169,Active,2011,,Zara Sheikh,≤25,3,Yes
11120,Operations,Operations Manager,Male,30,Islamabad,2020-07-13,,,88716,3,0,,Masters,10957.0,61,Active,2020,,Shahid Farooq,26-35,3,Yes
11121,Engineering,DevOps Engineer,Female,33,Islamabad,2015-12-12,,,110148,3,1,2021-03-26,Bachelors,,117,Active,2015,,Sana Siddiqui,26-35,3,Yes
11122,Marketing,SEO Analyst,Female,23,Lahore,2017-08-05,,,78677,3,0,,Diploma,10810.0,97,Active,2017,,Mahnoor Javed,≤25,3,Yes
11123,Engineering,Software Engineer,Female,36,Karachi,2023-12-24,,,89294,4,1,2029-02-04,Diploma,10720.0,19,Active,2023,,Maria Anwar,36-45,2,Yes
11124,Customer Success,CS Associate,Female,38,Karachi,2018-12-01,,,89038,4,0,,Masters,11296.0,81,Active,2018,,Salman Qureshi,36-45,2,Yes
11125,Customer Success,CS Associate,Male,26,Lahore,2024-07-29,,,63756,3,2,2029-10-25,Bachelors,10920.0,12,Active,2024,,Bilal Khan,26-35,3,Yes
11126,Engineering,Senior Engineer,Male,33,Karachi,2011-10-20,,,101024,4,0,,Masters,10201.0,167,Active,2011,,Salman Bhatti,26-35,2,Yes
11127,HR,HR Manager,Male,22,Lahore,2017-05-15,,,55957,1,1,2019-08-17,Bachelors,10164.0,100,Active,2017,,Zara Qureshi,≤25,5,Yes
11128,Marketing,Marketing Manager,Male,28,Karachi,2021-12-20,,,111558,2,1,2026-06-23,Bachelors,10758.0,44,Active,2021,,Rabia Javed,26-35,4,Yes
11129,Engineering,DevOps Engineer,Female,41,Islamabad,2018-07-11,,,105659,4,2,2020-06-05,Bachelors,10490.0,85,Active,2018,,Sana Ahmed,36-45,2,Yes
11130,Engineering,Senior Engineer,Male,27,Karachi,2017-02-07,,,108488,3,0,,Bachelors,11235.0,103,Active,2017,,Bilal Aslam,26-35,3,Yes
11131,Finance,Financial Analyst,Female,21,Multicity,2024-01-22,,,112081,2,0,,Masters,10326.0,18,Active,2024,,Nadia Ahmed,≤25,4,Yes
11132,Sales,Sales Manager,Female,26,Karachi,2020-12-11,2024-10-27,Voluntary,122583,3,0,,Bachelors,10854.0,47,Terminated,2020,2024.0,Rabia Siddiqui,26-35,3,Yes
11133,Product,Product Manager,Female,42,Islamabad,2022-02-19,,,66625,4,0,,Bachelors,10122.0,41,Active,2022,,Ayesha Siddiqui,36-45,2,Yes
11134,Sales,Account Executive,Female,21,Islamabad,2010-10-22,2019-11-06,Involuntary,68974,3,0,,Masters,10254.0,110,Terminated,2010,2019.0,Shahid Siddiqui,≤25,3,Yes
11135,Engineering,Tech Lead,Female,24,Lahore,2023-11-07,,,105271,4,0,,Bachelors,10290.0,21,Active,2023,,Bilal Sheikh,≤25,2,Yes
11136,Product,Product Analyst,Male,47,Karachi,2011-07-15,,,121889,2,0,,Masters,10501.0,171,Active,2011,,Shahid Yousaf,46-55,4,Yes
11137,Customer Success,CS Associate,Male,41,Lahore,2015-04-08,,,77518,4,0,,Bachelors,10286.0,125,Active,2015,,Mahnoor Nawaz,36-45,2,Yes
11138,Engineering,Tech Lead,Male,39,Remote,2024-02-27,,,78452,4,0,,Bachelors,11162.0,17,Active,2024,,Fatima Nawaz,36-45,2,Yes
11139,Operations,Operations Manager,Female,37,Islamabad,2016-06-12,2025-07-23,Involuntary,106561,2,0,,Bachelors,11304.0,110,Terminated,2016,2025.0,Ali Zafar,36-45,4,Yes
11140,Sales,Sales Rep,Female,25,Karachi,2015-02-07,2019-04-08,Involuntary,89283,4,0,,Diploma,11266.0,50,Terminated,2015,2019.0,Hamza Sheikh,≤25,2,Yes
11141,Product,Product Analyst,Female,45,Lahore,2012-01-11,,,60515,3,0,,Bachelors,,165,Active,2012,,Rabia Javed,36-45,3,Yes
11142,Operations,Operations Manager,Male,21,Remote,2019-09-26,2020-07-17,Voluntary,89354,3,1,2021-12-28,Bachelors,11492.0,9,Terminated,2019,2020.0,Shahid Khan,≤25,3,Yes
11143,Customer Success,CS Manager,Male,37,Lahore,2012-03-17,,,92462,5,0,,Masters,11073.0,162,Active,2012,,Shahid Shah,36-45,1,Yes
11144,Product,Product Manager,Male,26,Karachi,2024-03-19,,,88763,5,0,,Bachelors,11095.0,16,Active,2024,,Fatima Javed,26-35,1,Yes
11145,Customer Success,CS Manager,Female,21,Karachi,2012-04-03,,,113892,3,0,,Bachelors,11412.0,162,Active,2012,,Hamza Chaudhry,≤25,3,Yes
11146,Product,Product Manager,Male,32,Islamabad,2019-12-14,2025-07-10,Involuntary,90996,3,0,,Bachelors,10130.0,67,Terminated,2019,2025.0,Maria Shah,26-35,3,Yes
11147,Product,Product Manager,Male,34,Karachi,2013-09-24,,,111486,3,1,2017-12-27,Bachelors,10104.0,144,Active,2013,,Imran Chaudhry,26-35,3,Yes
11148,Sales,Sales Manager,Male,30,Lahore,2016-09-19,,,116240,3,2,2018-04-11,Bachelors,10997.0,107,Active,2016,,Adnan Nawaz,26-35,3,Yes
11149,Sales,Sales Rep,Female,28,Remote,2010-08-26,2020-08-29,Involuntary,74200,2,0,,Masters,10934.0,121,Terminated,2010,2020.0,Zara Iftikhar,26-35,4,Yes
11150,Product,Product Analyst,Female,27,Islamabad,2011-01-12,,,68675,2,0,,Bachelors,11321.0,177,Active,2011,,Maria Anwar,26-35,4,Yes
11151,Sales,Sales Manager,Male,22,Karachi,2017-04-11,,,127255,3,0,,Bachelors,,101,Active,2017,,Usman Hussain,≤25,3,Yes
11152,Product,Product Analyst,Male,33,Remote,2011-04-05,,,64130,3,0,,Bachelors,11378.0,174,Active,2011,,Zara Butt,26-35,3,Yes
11153,Sales,Account Executive,Male,27,Islamabad,2016-07-31,,,58738,2,1,2018-03-10,Masters,11027.0,109,Active,2016,,Mahnoor Bhatti,26-35,4,Yes
11154,Sales,Sales Manager,Male,42,Islamabad,2018-01-15,,,113651,3,2,2022-10-22,Bachelors,10811.0,91,Active,2018,,Salman Farooq,36-45,3,Yes
11155,Customer Success,CS Manager,Female,49,Karachi,2018-05-29,,,60411,5,0,,Masters,11487.0,87,Active,2018,,Adnan Anwar,46-55,1,Yes
11156,Sales,Account Executive,Male,36,Remote,2019-08-30,,,93979,2,2,2022-07-13,Masters,10645.0,72,Active,2019,,Hassan Shah,36-45,4,Yes
11157,Finance,Accountant,Female,35,Islamabad,2013-04-07,2022-05-30,Voluntary,85450,3,0,,Masters,10935.0,111,Terminated,2013,2022.0,Salman Iftikhar,26-35,3,Yes
11158,Customer Success,CS Manager,Female,29,Karachi,2015-06-24,,,82684,3,1,2018-07-27,Bachelors,10783.0,123,Active,2015,,Mahnoor Iftikhar,26-35,3,Yes
11159,Sales,Sales Manager,Female,25,Islamabad,2021-11-30,,,105184,3,1,2024-06-13,Bachelors,10666.0,44,Active,2021,,Zara Qureshi,≤25,3,Yes
11160,Operations,Operations Manager,Female,27,Remote,2019-03-30,,,56146,3,0,,Diploma,10511.0,77,Active,2019,,Adnan Siddiqui,26-35,3,Yes
11161,Sales,Sales Manager,Female,33,Karachi,2022-09-11,2024-09-11,Voluntary,92227,3,1,2025-04-15,Bachelors,10151.0,24,Terminated,2022,2024.0,Mahnoor Javed,26-35,3,Yes
11162,Sales,Sales Manager,Male,37,Karachi,2014-01-15,2020-10-28,Voluntary,104693,3,1,2017-06-30,Bachelors,11353.0,82,Terminated,2014,2020.0,Imran Javed,36-45,3,Yes
11163,Sales,Sales Manager,Female,26,Islamabad,2013-10-24,2015-06-03,Retirement,84317,4,1,2018-12-15,Bachelors,10913.0,19,Terminated,2013,2015.0,Ali Nawaz,26-35,2,Yes
11164,Customer Success,CS Manager,Male,23,Lahore,2013-12-05,,,97030,3,0,,Masters,10522.0,141,Active,2013,,Mahnoor Zafar,≤25,3,Yes
11165,Marketing,Marketing Specialist,Male,28,Islamabad,2011-10-09,,,54411,4,0,,Masters,10123.0,168,Active,2011,,Hamza Yousaf,26-35,2,Yes
11166,Product,Product Analyst,Male,27,Lahore,2023-09-02,2025-03-01,Retirement,105281,3,0,,Bachelors,10683.0,18,Terminated,2023,2025.0,Ali Chaudhry,26-35,3,Yes
11167,Operations,Operations Associate,Female,27,Multicity,2018-07-31,,,77234,3,2,2024-01-21,Bachelors,11175.0,85,Active,2018,,Ali Sheikh,26-35,3,Yes
11168,Product,Product Manager,Female,35,Islamabad,2023-11-25,,,95336,3,1,2027-06-06,Masters,,20,Active,2023,,Salman Sheikh,26-35,3,Yes
11169,Engineering,Tech Lead,Male,32,Islamabad,2015-05-27,,,109156,3,0,,Masters,10885.0,123,Active,2015,,Hina Javed,26-35,3,Yes
11170,Product,Product Analyst,Female,32,Karachi,2021-02-28,,,75426,1,0,,Bachelors,10530.0,53,Active,2021,,Salman Iftikhar,26-35,5,Yes
11171,Legal,Legal Counsel,Male,27,Islamabad,2023-01-30,,,67719,4,2,2026-01-25,Masters,11181.0,30,Active,2023,,Hassan Aslam,26-35,2,Yes
11172,Engineering,Senior Engineer,Male,29,Karachi,2013-03-18,2014-03-06,Involuntary,108464,3,1,2014-08-06,Bachelors,10471.0,11,Terminated,2013,2014.0,Amna Nawaz,26-35,3,Yes
11173,Operations,Operations Associate,Male,25,Lahore,2015-03-18,,,114595,5,0,,Bachelors,10281.0,126,Active,2015,,Amna Hussain,≤25,1,Yes
11174,Product,Product Analyst,Male,34,Remote,2020-05-05,2025-04-15,Involuntary,134251,4,0,,Bachelors,10817.0,60,Terminated,2020,2025.0,Shahid Siddiqui,26-35,2,Yes
11175,Engineering,QA Engineer,Female,39,Karachi,2024-04-22,,,87696,3,1,2028-07-19,Masters,10429.0,15,Active,2024,,Rabia Chaudhry,36-45,3,Yes
11176,Engineering,QA Engineer,Female,32,Lahore,2015-09-12,,,106813,3,0,,Bachelors,11038.0,120,Active,2015,,Salman Bhatti,26-35,3,Yes
11177,Sales,Account Executive,Male,38,Remote,2020-04-22,2022-07-09,Involuntary,101808,3,1,2021-11-12,Bachelors,,26,Terminated,2020,2022.0,Sana Ahmed,36-45,3,Yes
11178,Customer Success,CS Associate,Female,40,Islamabad,2015-09-23,,,107446,4,1,2020-05-16,Masters,10965.0,120,Active,2015,,Usman Yousaf,36-45,2,Yes
11179,Engineering,Tech Lead,Female,32,Remote,2024-12-15,2025-03-18,Voluntary,101457,1,0,,Bachelors,10962.0,3,Terminated,2024,2025.0,Imran Malik,26-35,5,Yes
11180,Customer Success,CS Manager,Female,31,Karachi,2010-03-18,,,126130,3,1,2014-09-02,Bachelors,10353.0,187,Active,2010,,Hassan Javed,26-35,3,Yes
11181,Engineering,DevOps Engineer,Female,35,Islamabad,2020-06-08,,,93317,2,0,,Masters,10332.0,62,Active,2020,,Adnan Nawaz,26-35,4,Yes
11182,Engineering,Senior Engineer,Male,37,Islamabad,2016-06-14,,,82989,3,0,,Bachelors,10679.0,111,Active,2016,,Zara Sheikh,36-45,3,Yes
11183,Engineering,QA Engineer,Male,26,Remote,2022-04-05,,,145895,1,2,2025-05-16,Masters,10347.0,40,Active,2022,,Mahnoor Farooq,26-35,5,Yes
11184,Engineering,Software Engineer,Male,41,Karachi,2013-07-18,,,121147,2,0,,Diploma,10850.0,146,Active,2013,,Ayesha Yousaf,36-45,4,Yes
11185,Legal,Legal Counsel,Male,35,Islamabad,2011-08-29,,,102165,3,0,,Bachelors,,169,Active,2011,,Ayesha Zafar,26-35,3,Yes
11186,Engineering,DevOps Engineer,Male,39,Islamabad,2019-11-28,,,95546,3,0,,Masters,10401.0,69,Active,2019,,Fatima Hussain,36-45,3,Yes
11187,Engineering,DevOps Engineer,Male,33,Remote,2017-10-01,,,103746,2,0,,Bachelors,11259.0,95,Active,2017,,Amna Aslam,26-35,4,Yes
11188,Engineering,Senior Engineer,Male,26,Islamabad,2023-03-07,,,83262,4,1,2026-10-08,Masters,11182.0,29,Active,2023,,Adnan Butt,26-35,2,Yes
11189,Product,Product Analyst,Female,29,Karachi,2016-09-16,,,117044,4,0,,Bachelors,,108,Active,2016,,Usman Ahmed,26-35,2,Yes
11190,Engineering,QA Engineer,Female,33,Islamabad,2024-05-01,,,94717,1,1,2028-11-20,Bachelors,10331.0,15,Active,2024,,Bilal Shah,26-35,5,Yes
11191,HR,HR Specialist,Female,23,Lahore,2019-07-08,,,64934,4,0,,Masters,10925.0,73,Active,2019,,Mahnoor Javed,≤25,2,Yes
11192,Product,Product Analyst,Female,40,Lahore,2015-08-11,2018-10-28,Involuntary,86837,3,0,,Bachelors,,39,Terminated,2015,2018.0,Adnan Hussain,36-45,3,Yes
11193,Engineering,Tech Lead,Female,25,Lahore,2020-03-31,,,100488,4,1,2024-12-28,Masters,10538.0,64,Active,2020,,Zara Zafar,≤25,2,Yes
11194,Engineering,Tech Lead,Male,34,Karachi,2016-10-10,,,88764,2,0,,Diploma,10246.0,107,Active,2016,,Rabia Chaudhry,26-35,4,Yes
11195,Marketing,SEO Analyst,Male,21,Karachi,2014-06-20,,,54272,3,1,2015-12-06,Diploma,,135,Active,2014,,Omar Butt,≤25,3,Yes
11196,Engineering,DevOps Engineer,Male,36,Remote,2018-08-18,,,121395,1,0,,Masters,11230.0,84,Active,2018,,Zara Bhatti,36-45,5,Yes
11197,Customer Success,CS Manager,Female,21,Lahore,2020-11-02,,,84290,5,1,2024-10-24,Bachelors,11393.0,57,Active,2020,,Maria Chaudhry,≤25,1,Yes
11198,Engineering,DevOps Engineer,Male,39,Remote,2012-05-23,,,66555,3,1,2016-10-22,Bachelors,10100.0,160,Active,2012,,Imran Farooq,36-45,3,Yes
11199,Product,Product Analyst,Male,31,Remote,2015-04-28,,,102396,4,0,,Bachelors,10614.0,124,Active,2015,,Fatima Qureshi,26-35,2,Yes
11200,Engineering,Tech Lead,Female,30,Islamabad,2018-07-22,,,73039,4,0,,Bachelors,10840.0,85,Active,2018,,Imran Malik,26-35,2,Yes
11201,Engineering,QA Engineer,Female,36,Islamabad,2022-10-30,,,113592,5,0,,Bachelors,11323.0,33,Active,2022,,Ayesha Siddiqui,36-45,1,Yes
11202,HR,HR Manager,Male,35,Remote,2018-01-19,2021-03-25,Voluntary,93361,3,0,,Masters,11376.0,38,Terminated,2018,2021.0,Zara Aslam,26-35,3,Yes
11203,Engineering,QA Engineer,Male,33,Karachi,2022-11-22,,,79163,4,0,,Bachelors,11287.0,32,Active,2022,,Amna Zafar,26-35,2,Yes
11204,Marketing,Marketing Specialist,Female,43,Karachi,2016-08-20,2025-01-17,Involuntary,60517,2,1,2021-11-11,PhD,10557.0,102,Terminated,2016,2025.0,Bilal Khan,36-45,4,Yes
11205,Product,Product Manager,Male,41,Remote,2016-08-15,2021-12-07,Voluntary,81036,2,0,,Masters,10997.0,64,Terminated,2016,2021.0,Fatima Siddiqui,36-45,4,Yes
11206,Customer Success,CS Manager,Male,46,Karachi,2010-06-29,,,77892,5,0,,Masters,11361.0,183,Active,2010,,Omar Anwar,46-55,1,Yes
11207,Finance,Finance Manager,Female,34,Lahore,2024-10-06,,,89554,4,0,,Bachelors,10564.0,9,Active,2024,,Bilal Anwar,26-35,2,Yes
11208,Product,Product Analyst,Male,34,Remote,2018-11-17,,,57488,2,2,2020-06-11,Masters,11199.0,81,Active,2018,,Omar Qureshi,26-35,4,Yes
11209,Finance,Finance Manager,Male,26,Karachi,2016-02-27,,,116070,4,0,,Bachelors,11158.0,114,Active,2016,,Usman Anwar,26-35,2,Yes
11210,HR,HR Manager,Female,23,Islamabad,2010-03-08,2012-09-06,Voluntary,79657,4,1,2011-09-25,Bachelors,10488.0,30,Terminated,2010,2012.0,Amna Aslam,≤25,2,Yes
11211,Sales,Sales Manager,Female,25,Islamabad,2022-09-11,,,74203,4,0,,Bachelors,10901.0,35,Active,2022,,Ali Nawaz,≤25,2,Yes
11212,Legal,Legal Counsel,Female,21,Remote,2011-02-06,,,99431,4,0,,Masters,11161.0,176,Active,2011,,Ali Zafar,≤25,2,Yes
11213,Engineering,Tech Lead,Male,39,Remote,2023-08-08,,,93973,4,1,2026-01-08,Bachelors,10721.0,24,Active,2023,,Adnan Hussain,36-45,2,Yes
11214,Product,Product Manager,Male,27,Islamabad,2021-02-21,,,83760,4,1,2025-09-13,Bachelors,10428.0,54,Active,2021,,Imran Bhatti,26-35,2,Yes
11215,Marketing,Marketing Manager,Female,25,Islamabad,2016-06-02,,,68830,4,0,,Bachelors,10182.0,111,Active,2016,,Salman Butt,≤25,2,Yes
11216,Sales,Sales Manager,Male,36,Remote,2015-03-01,,,78989,3,0,,Bachelors,,126,Active,2015,,Rabia Sheikh,36-45,3,Yes
11217,Engineering,QA Engineer,Male,26,Lahore,2023-08-14,,,106393,3,0,,Bachelors,10718.0,23,Active,2023,,Rabia Ahmed,26-35,3,Yes
11218,Sales,Account Executive,Female,34,Islamabad,2017-11-26,,,116066,3,0,,Bachelors,11036.0,93,Active,2017,,Rabia Zafar,26-35,3,Yes
11219,Operations,Operations Manager,Female,31,Lahore,2014-11-30,,,94407,4,1,2017-01-09,Bachelors,11358.0,129,Active,2014,,Mahnoor Aslam,26-35,2,Yes
11220,HR,Recruiter,Male,43,Karachi,2024-04-12,,,91373,2,3,2027-06-09,Bachelors,,15,Active,2024,,Omar Yousaf,36-45,4,Yes
11221,Customer Success,CS Associate,Female,28,Multicity,2014-04-07,,,72182,3,0,,Masters,10317.0,137,Active,2014,,Ali Qureshi,26-35,3,Yes
11222,Operations,Operations Manager,Male,23,Karachi,2023-12-05,,,57995,3,0,,Masters,10442.0,20,Active,2023,,Ali Siddiqui,≤25,3,Yes
11223,Engineering,Tech Lead,Male,36,Karachi,2015-08-16,,,82639,4,0,,Bachelors,11163.0,121,Active,2015,,Sana Bhatti,36-45,2,Yes
11224,Engineering,Senior Engineer,Female,33,Lahore,2024-10-14,,,60630,4,1,2027-12-15,Masters,10745.0,9,Active,2024,,Maria Bhatti,26-35,2,Yes
11225,Customer Success,CS Associate,Male,26,Lahore,2013-01-25,,,98404,3,0,,Bachelors,11419.0,152,Active,2013,,Mahnoor Javed,26-35,3,Yes
11226,Engineering,Senior Engineer,Female,31,Lahore,2024-02-03,,,85155,5,0,,Diploma,11096.0,18,Active,2024,,Amna Khan,26-35,1,Yes
11227,Sales,Sales Manager,Male,30,Karachi,2012-03-06,,,87525,5,0,,Masters,10551.0,163,Active,2012,,Mahnoor Chaudhry,26-35,1,Yes
11228,Marketing,Marketing Specialist,Male,36,Lahore,2024-01-28,,,87317,2,0,,Diploma,10918.0,18,Active,2024,,Ayesha Yousaf,36-45,4,Yes
11229,Marketing,Marketing Specialist,Female,30,Lahore,2024-06-30,,,95386,2,1,2027-06-25,Bachelors,11166.0,13,Active,2024,,Sana Farooq,26-35,4,Yes
11230,Sales,Sales Manager,Male,28,Lahore,2010-11-19,,,113434,4,0,,Bachelors,11355.0,178,Active,2010,,Amna Raza,26-35,2,Yes
11231,Finance,Finance Manager,Female,30,Karachi,2016-12-05,,,83380,4,3,2020-10-10,Diploma,11105.0,105,Active,2016,,Nadia Raza,26-35,2,Yes
11232,Product,Product Analyst,Female,24,Multicity,2019-11-21,2023-12-27,Voluntary,67840,4,0,,Bachelors,10847.0,49,Terminated,2019,2023.0,Rabia Sheikh,≤25,2,Yes
11233,Customer Success,CS Manager,Male,26,Islamabad,2010-10-01,,,82049,2,0,,Bachelors,11013.0,180,Active,2010,,Sana Malik,26-35,4,Yes
11234,Operations,Operations Manager,Male,29,Remote,2022-12-31,,,113635,5,0,,Bachelors,11426.0,31,Active,2022,,Adnan Zafar,26-35,1,Yes
11235,Finance,Accountant,Male,28,Karachi,2018-03-08,2023-02-02,Retirement,75804,3,0,,Bachelors,10464.0,59,Terminated,2018,2023.0,Ayesha Javed,26-35,3,Yes
11236,Sales,Sales Manager,Female,41,Karachi,2012-12-12,,,123478,3,1,2014-01-22,Masters,11140.0,153,Active,2012,,Imran Chaudhry,36-45,3,Yes
11237,Engineering,Tech Lead,Male,29,Karachi,2012-01-09,,,110673,1,0,,Bachelors,11163.0,165,Active,2012,,Salman Anwar,26-35,5,Yes
11238,Marketing,Marketing Specialist,Female,29,Karachi,2016-08-14,,,99873,2,0,,Bachelors,11399.0,109,Active,2016,,Bilal Sheikh,26-35,4,Yes
11239,Product,Product Analyst,Female,30,Remote,2017-04-30,,,106022,4,1,2019-04-28,Bachelors,10911.0,100,Active,2017,,Salman Hussain,26-35,2,Yes
11240,Engineering,Software Engineer,Female,25,Remote,2019-04-27,,,122941,2,0,,Diploma,,76,Active,2019,,Sana Javed,≤25,4,Yes
11241,Engineering,Senior Engineer,Female,23,Karachi,2013-12-09,2018-05-09,Involuntary,111827,5,0,,PhD,,53,Terminated,2013,2018.0,Salman Shah,≤25,1,Yes
11242,Product,Product Analyst,Female,29,Remote,2014-07-03,,,84719,2,1,2016-11-18,Bachelors,11005.0,134,Active,2014,,Shahid Nawaz,26-35,4,Yes
11243,Engineering,QA Engineer,Male,25,Karachi,2012-12-18,,,99091,3,0,,Masters,11210.0,153,Active,2012,,Sana Qureshi,≤25,3,Yes
11244,Engineering,DevOps Engineer,Male,35,Islamabad,2022-02-05,,,133072,3,1,2027-01-13,Bachelors,11118.0,42,Active,2022,,Imran Khan,26-35,3,Yes
11245,Operations,Operations Manager,Male,23,Lahore,2018-03-17,,,93155,5,0,,Bachelors,10168.0,89,Active,2018,,Amna Sheikh,≤25,1,Yes
11246,Finance,Accountant,Male,31,Lahore,2021-11-27,,,101914,3,0,,Diploma,11400.0,44,Active,2021,,Hamza Qureshi,26-35,3,Yes
11247,Operations,Operations Associate,Male,27,Karachi,2021-04-03,,,113838,4,2,2025-06-15,Bachelors,10098.0,52,Active,2021,,Bilal Anwar,26-35,2,Yes
11248,Marketing,Marketing Specialist,Female,31,Lahore,2016-02-11,,,56603,3,0,,Masters,10888.0,115,Active,2016,,Salman Anwar,26-35,3,Yes
11249,Customer Success,CS Manager,Male,35,Islamabad,2013-09-09,2018-08-01,Voluntary,93511,5,0,,Masters,10149.0,59,Terminated,2013,2018.0,Adnan Anwar,26-35,1,Yes
11250,Operations,Operations Manager,Male,35,Islamabad,2015-10-07,2020-02-15,Voluntary,87966,4,0,,Diploma,10492.0,53,Terminated,2015,2020.0,Salman Ahmed,26-35,2,Yes
11251,Operations,Operations Manager,Female,21,Multicity,2020-10-22,,,86758,3,1,2024-01-23,Bachelors,10504.0,58,Active,2020,,Hassan Hussain,≤25,3,Yes
11252,Operations,Operations Manager,Female,37,Lahore,2016-08-14,,,101651,4,0,,Masters,11338.0,109,Active,2016,,Usman Bhatti,36-45,2,Yes
11253,Customer Success,CS Associate,Male,41,Karachi,2017-08-06,,,85619,3,0,,Masters,10999.0,97,Active,2017,,Hassan Aslam,36-45,3,Yes
11254,Sales,Sales Rep,Female,42,Lahore,2012-08-01,,,104211,3,2,2017-04-19,Masters,10234.0,158,Active,2012,,Omar Zafar,36-45,3,Yes
11255,Engineering,QA Engineer,Male,32,Lahore,2020-07-03,2024-09-25,Voluntary,88619,4,1,2025-05-26,Bachelors,10583.0,51,Terminated,2020,2024.0,Hassan Aslam,26-35,2,Yes
11256,Legal,Legal Counsel,Male,27,Karachi,2011-09-09,,,115833,4,0,,Diploma,11019.0,169,Active,2011,,Hassan Qureshi,26-35,2,Yes
11257,Engineering,DevOps Engineer,Other,37,Lahore,2013-02-27,2018-05-15,Voluntary,85265,3,0,,Bachelors,10138.0,63,Terminated,2013,2018.0,Hassan Zafar,36-45,3,Yes
11258,Sales,Sales Manager,Male,28,Islamabad,2015-01-23,,,71387,4,1,2019-10-11,Diploma,10387.0,128,Active,2015,,Rabia Bhatti,26-35,2,Yes
11259,Customer Success,CS Associate,Male,26,Karachi,2018-11-30,2021-10-22,Retirement,38232,3,1,2021-01-13,PhD,10778.0,35,Terminated,2018,2021.0,Hina Ahmed,26-35,3,Yes
11260,Engineering,Tech Lead,Male,25,Karachi,2022-07-02,,,116959,3,0,,Masters,10902.0,37,Active,2022,,Omar Yousaf,≤25,3,Yes
11261,Engineering,Senior Engineer,Female,31,Karachi,2018-03-16,2024-06-03,Contract End,93272,2,0,,Masters,11094.0,75,Terminated,2018,2024.0,Sana Raza,26-35,4,Yes
11262,Engineering,Senior Engineer,Female,38,Karachi,2012-01-10,2014-06-08,Involuntary,76251,1,1,2013-01-16,Bachelors,11161.0,29,Terminated,2012,2014.0,Amna Farooq,36-45,5,Yes
11263,Engineering,Senior Engineer,Female,36,Karachi,2018-11-07,,,85587,1,0,,Masters,11170.0,81,Active,2018,,Fatima Javed,36-45,5,Yes
11264,Operations,Operations Manager,Female,39,Lahore,2010-04-25,,,105217,3,1,2014-01-23,Masters,11303.0,185,Active,2010,,Omar Qureshi,36-45,3,Yes
11265,Finance,Financial Analyst,Male,41,Remote,2015-12-07,,,63344,3,0,,Masters,,117,Active,2015,,Salman Yousaf,36-45,3,Yes
11266,HR,Recruiter,Female,40,Lahore,2022-01-13,2023-10-19,Voluntary,79008,3,0,,Masters,10464.0,21,Terminated,2022,2023.0,Omar Sheikh,36-45,3,Yes
11267,Product,Product Manager,Female,28,Lahore,2012-10-09,,,42194,3,1,2016-02-11,Bachelors,10795.0,155,Active,2012,,Salman Hussain,26-35,3,Yes
11268,Finance,Accountant,Male,36,Lahore,2020-03-14,,,98564,3,0,,Bachelors,10398.0,65,Active,2020,,Ayesha Yousaf,36-45,3,Yes
11269,Product,Product Analyst,Female,24,Lahore,2018-04-08,,,84968,3,1,2022-11-16,Bachelors,10963.0,89,Active,2018,,Fatima Sheikh,≤25,3,Yes
11270,Engineering,QA Engineer,Male,24,Remote,2015-11-18,,,110411,4,0,,Bachelors,11129.0,118,Active,2015,,Zara Nawaz,≤25,2,Yes
11271,Product,Product Analyst,Female,32,Lahore,2023-02-10,,,85210,1,0,,Bachelors,10352.0,30,Active,2023,,Imran Malik,26-35,5,Yes
11272,Sales,Sales Manager,Female,35,Islamabad,2018-07-19,,,107606,3,0,,Masters,10648.0,85,Active,2018,,Amna Nawaz,26-35,3,Yes
11273,Finance,Finance Manager,Male,33,Remote,2024-04-27,,,105377,5,0,,Masters,10072.0,15,Active,2024,,Zara Javed,26-35,1,Yes
11274,Operations,Operations Associate,Male,30,Karachi,2018-05-02,,,75904,2,0,,Masters,10730.0,88,Active,2018,,Fatima Raza,26-35,4,Yes
11275,Engineering,Senior Engineer,Female,47,Karachi,2012-06-06,2019-08-03,Voluntary,125813,4,0,,Bachelors,10593.0,87,Terminated,2012,2019.0,Adnan Iftikhar,46-55,2,Yes
11276,Sales,Sales Manager,Male,43,Remote,2015-03-31,2016-08-27,Voluntary,60076,4,2,2017-02-17,Bachelors,11433.0,17,Terminated,2015,2016.0,Salman Sheikh,36-45,2,Yes
11277,Product,Product Manager,Female,36,Islamabad,2020-07-29,2023-02-25,Voluntary,118946,1,0,,Masters,10976.0,31,Terminated,2020,2023.0,Amna Anwar,36-45,5,Yes
11278,Engineering,Software Engineer,Female,40,Multicity,2010-07-25,,,130161,3,0,,Bachelors,10040.0,182,Active,2010,,Maria Siddiqui,36-45,3,Yes
11279,Product,Product Analyst,Female,55,Multicity,2023-11-24,,,67530,2,0,,Bachelors,10806.0,20,Active,2023,,Sana Yousaf,46-55,4,Yes
11280,Product,Product Manager,Other,23,Islamabad,2022-08-05,,,91804,5,1,2025-05-22,Bachelors,10170.0,36,Active,2022,,Nadia Hussain,≤25,1,Yes
11281,Sales,Account Executive,Male,32,Remote,2017-05-11,,,73480,2,0,,Masters,10573.0,100,Active,2017,,Hamza Bhatti,26-35,4,Yes
11282,Product,Product Manager,Male,21,Remote,2023-09-07,2024-06-07,Involuntary,80575,3,0,,Diploma,10558.0,9,Terminated,2023,2024.0,Maria Zafar,≤25,3,Yes
11283,Customer Success,CS Associate,Female,36,Karachi,2014-12-19,2024-10-28,Contract End,86106,4,1,2020-01-31,Bachelors,10408.0,120,Terminated,2014,2024.0,Ayesha Nawaz,36-45,2,Yes
11284,Product,Product Analyst,Male,41,Islamabad,2024-07-11,,,72824,3,0,,Bachelors,10869.0,12,Active,2024,,Nadia Butt,36-45,3,Yes
11285,HR,Recruiter,Male,21,Karachi,2011-06-02,,,83594,2,1,2013-12-29,Bachelors,,172,Active,2011,,Omar Raza,≤25,4,Yes
11286,Product,Product Manager,Female,44,Remote,2024-04-02,,,97213,4,0,,Bachelors,10219.0,16,Active,2024,,Maria Anwar,36-45,2,Yes
11287,Sales,Sales Rep,Male,49,Karachi,2020-05-31,,,97542,4,0,,Masters,10027.0,62,Active,2020,,Ayesha Javed,46-55,2,Yes
11288,Customer Success,CS Associate,Female,21,Islamabad,2016-10-11,2023-11-18,Contract End,77402,5,0,,Masters,11361.0,86,Terminated,2016,2023.0,Shahid Iftikhar,≤25,1,Yes
11289,Engineering,Software Engineer,Male,27,Karachi,2024-07-24,,,87802,5,0,,Bachelors,10187.0,12,Active,2024,,Adnan Ahmed,26-35,1,Yes
11290,Engineering,Senior Engineer,Male,26,Islamabad,2019-02-27,,,103974,4,0,,Bachelors,11450.0,78,Active,2019,,Zara Siddiqui,26-35,2,Yes
11291,Product,Product Manager,Male,41,Islamabad,2012-08-13,,,85748,4,0,,Bachelors,10162.0,157,Active,2012,,Hassan Ahmed,36-45,2,Yes
11292,Engineering,Senior Engineer,Male,29,Remote,2013-02-19,,,98238,2,0,,Bachelors,10385.0,151,Active,2013,,Adnan Nawaz,26-35,4,Yes
11293,Engineering,Tech Lead,Female,44,Karachi,2011-01-07,,,136878,4,0,,Bachelors,11311.0,177,Active,2011,,Mahnoor Farooq,36-45,2,Yes
11294,Sales,Account Executive,Male,28,Karachi,2010-11-01,,,83635,1,0,,Masters,10576.0,179,Active,2010,,Mahnoor Javed,26-35,5,Yes
11295,Customer Success,CS Manager,Male,34,Lahore,2016-10-29,,,83468,2,3,2022-01-23,Masters,11466.0,106,Active,2016,,Sana Anwar,26-35,4,Yes
11296,Finance,Finance Manager,Female,25,Karachi,2021-01-18,,,109904,5,0,,Masters,10134.0,55,Active,2021,,Fatima Khan,≤25,1,Yes
11297,Marketing,Marketing Manager,Female,24,Lahore,2012-08-09,,,33218,3,1,2016-05-28,Bachelors,11118.0,158,Active,2012,,Imran Butt,≤25,3,Yes
11298,Product,Product Manager,Male,36,Karachi,2012-03-07,,,85570,3,0,,Masters,10825.0,163,Active,2012,,Adnan Ahmed,36-45,3,Yes
11299,Finance,Accountant,Male,39,Karachi,2015-04-08,,,89392,3,0,,Bachelors,10648.0,125,Active,2015,,Maria Chaudhry,36-45,3,Yes
11300,HR,HR Manager,Male,21,Lahore,2022-01-21,,,95993,4,0,,PhD,10376.0,42,Active,2022,,Mahnoor Javed,≤25,2,Yes
11301,Engineering,Software Engineer,Male,34,Karachi,2013-01-16,,,122895,1,0,,Bachelors,11125.0,152,Active,2013,,Zara Malik,26-35,5,Yes
11302,Sales,Sales Rep,Male,32,Islamabad,2018-09-19,,,97866,5,0,,Bachelors,,83,Active,2018,,Ayesha Farooq,26-35,1,Yes
11303,Engineering,Software Engineer,Male,34,Karachi,2020-03-05,,,89198,3,1,2022-06-29,Bachelors,10443.0,65,Active,2020,,Usman Yousaf,26-35,3,Yes
11304,HR,HR Specialist,Female,34,Islamabad,2018-04-28,,,69796,3,1,2022-10-15,Bachelors,10265.0,88,Active,2018,,Shahid Butt,26-35,3,Yes
11305,Marketing,SEO Analyst,Female,35,Remote,2022-02-12,,,106806,3,1,2025-10-08,Bachelors,10854.0,42,Active,2022,,Bilal Aslam,26-35,3,Yes
11306,Sales,Account Executive,Female,30,Remote,2019-05-27,,,74650,4,0,,PhD,10574.0,75,Active,2019,,Amna Javed,26-35,2,Yes
11307,Marketing,Marketing Manager,Female,34,Islamabad,2023-03-05,,,95945,5,1,2028-07-21,Masters,,29,Active,2023,,Salman Butt,26-35,1,Yes
11308,Sales,Sales Manager,Female,37,Remote,2013-06-19,,,75905,3,0,,Masters,10195.0,147,Active,2013,,Ali Siddiqui,36-45,3,Yes
11309,HR,HR Specialist,Female,36,Karachi,2019-04-22,,,63518,4,0,,Masters,,76,Active,2019,,Nadia Anwar,36-45,2,Yes
11310,Sales,Account Executive,Male,30,Karachi,2024-09-09,,,49851,4,0,,Bachelors,10970.0,10,Active,2024,,Maria Khan,26-35,2,Yes
11311,Sales,Sales Manager,Male,30,Lahore,2012-03-22,,,82767,3,1,2017-08-12,Bachelors,10643.0,162,Active,2012,,Salman Malik,26-35,3,Yes
11312,Marketing,Marketing Manager,Male,30,Remote,2020-12-22,,,90993,5,0,,Masters,10124.0,56,Active,2020,,Adnan Anwar,26-35,1,Yes
11313,Customer Success,CS Manager,Male,42,Lahore,2023-10-23,,,85514,3,1,2028-09-25,Masters,10534.0,21,Active,2023,,Zara Butt,36-45,3,Yes
11314,Engineering,Tech Lead,Male,39,Islamabad,2019-02-26,,,101596,2,0,,Bachelors,,78,Active,2019,,Ayesha Shah,36-45,4,Yes
11315,Engineering,QA Engineer,Female,31,Lahore,2016-04-10,,,103236,2,2,2018-10-22,Bachelors,11242.0,113,Active,2016,,Shahid Hussain,26-35,4,Yes
11316,Finance,Financial Analyst,Female,25,Karachi,2010-09-26,2011-12-29,Retirement,118410,3,1,2013-10-20,Bachelors,10768.0,15,Terminated,2010,2011.0,Salman Anwar,≤25,3,Yes
11317,Marketing,Marketing Manager,Male,41,Karachi,2018-04-24,2025-04-08,Involuntary,69361,1,2,2020-11-23,Bachelors,10080.0,84,Terminated,2018,2025.0,Hamza Aslam,36-45,5,Yes
11318,Product,Product Manager,Female,37,Islamabad,2014-11-15,,,106224,5,0,,Bachelors,10334.0,130,Active,2014,,Fatima Qureshi,36-45,1,Yes
11319,Product,Product Manager,Male,22,Lahore,2019-12-12,,,74423,2,0,,Bachelors,10820.0,68,Active,2019,,Bilal Chaudhry,≤25,4,Yes
11320,Marketing,Marketing Manager,Male,41,Islamabad,2019-12-22,,,80137,3,0,,Bachelors,10325.0,68,Active,2019,,Bilal Shah,36-45,3,Yes
11321,Engineering,Tech Lead,Male,31,Karachi,2015-04-19,,,104637,1,1,2019-11-25,Masters,10086.0,125,Active,2015,,Sana Qureshi,26-35,5,Yes
11322,Engineering,Senior Engineer,Female,41,Multicity,2018-02-19,2021-10-19,Voluntary,84453,4,0,,Masters,10593.0,44,Terminated,2018,2021.0,Rabia Yousaf,36-45,2,Yes
11323,Finance,Finance Manager,Female,25,Lahore,2012-03-24,2016-10-18,Voluntary,132335,3,1,2016-06-29,Bachelors,10165.0,55,Terminated,2012,2016.0,Omar Hussain,≤25,3,Yes
11324,Marketing,SEO Analyst,Male,31,Remote,2018-03-29,,,83589,2,0,,Bachelors,11275.0,89,Active,2018,,Bilal Javed,26-35,4,Yes
11325,Sales,Sales Manager,Male,29,Lahore,2022-03-19,,,69204,4,0,,Bachelors,10533.0,41,Active,2022,,Sana Qureshi,26-35,2,Yes
11326,HR,HR Manager,Male,33,Karachi,2024-06-18,,,77292,4,1,2028-05-01,Masters,10230.0,13,Active,2024,,Ali Siddiqui,26-35,2,Yes
11327,Engineering,Software Engineer,Female,44,Remote,2018-01-17,,,120000,3,0,,Masters,11380.0,91,Active,2018,,Ayesha Bhatti,36-45,3,Yes
11328,Engineering,DevOps Engineer,Female,27,Lahore,2011-05-12,2025-06-26,Voluntary,133124,4,0,,Masters,10048.0,171,Terminated,2011,2025.0,Shahid Aslam,26-35,2,Yes
11329,Sales,Sales Rep,Female,31,Remote,2018-12-06,,,91970,5,0,,Bachelors,10800.0,81,Active,2018,,Hamza Malik,26-35,1,Yes
11330,Marketing,Marketing Specialist,Female,32,Lahore,2016-03-10,,,96759,4,0,,Masters,,114,Active,2016,,Rabia Khan,26-35,2,Yes
11331,Engineering,Software Engineer,Female,34,Remote,2014-04-04,,,109669,4,0,,Diploma,,137,Active,2014,,Usman Shah,26-35,2,Yes
11332,Sales,Account Executive,Female,35,Multicity,2012-09-27,2021-01-28,Voluntary,96233,2,0,,Bachelors,10155.0,101,Terminated,2012,2021.0,Hina Zafar,26-35,4,Yes
11333,Sales,Sales Manager,Male,21,Islamabad,2020-03-14,,,79701,3,2,2022-09-03,Bachelors,,65,Active,2020,,Usman Khan,≤25,3,Yes
11334,Product,Product Manager,Male,32,Islamabad,2012-01-21,,,112556,4,0,,Masters,,164,Active,2012,,Maria Malik,26-35,2,Yes
11335,Engineering,Software Engineer,Male,21,Karachi,2024-11-12,,,126393,3,1,2028-12-27,Bachelors,11153.0,8,Active,2024,,Salman Hussain,≤25,3,Yes
11336,Finance,Finance Manager,Female,34,Karachi,2014-10-04,,,115250,3,0,,Bachelors,10953.0,131,Active,2014,,Hamza Bhatti,26-35,3,Yes
11337,HR,HR Specialist,Female,33,Karachi,2024-05-23,2025-07-21,Retirement,99597,4,0,,Masters,10547.0,14,Terminated,2024,2025.0,Ali Yousaf,26-35,2,Yes
11338,Engineering,Tech Lead,Female,41,Karachi,2024-05-05,,,98040,4,0,,Diploma,11153.0,15,Active,2024,,Salman Anwar,36-45,2,Yes
11339,Customer Success,CS Associate,Female,30,Islamabad,2023-05-24,,,85072,4,0,,Masters,10181.0,26,Active,2023,,Usman Zafar,26-35,2,Yes
11340,Marketing,SEO Analyst,Female,31,Lahore,2010-06-24,,,120165,5,0,,Masters,10656.0,183,Active,2010,,Omar Iftikhar,26-35,1,Yes
11341,Customer Success,CS Associate,Male,29,Lahore,2011-02-19,,,70675,5,1,2016-06-08,Bachelors,11012.0,175,Active,2011,,Imran Chaudhry,26-35,1,Yes
11342,Operations,Operations Manager,Male,32,Lahore,2017-06-25,,,96140,4,0,,Bachelors,10955.0,98,Active,2017,,Usman Butt,26-35,2,Yes
11343,Finance,Finance Manager,Female,32,Karachi,2015-06-19,2021-03-23,Retirement,109514,5,2,2017-04-11,Bachelors,10326.0,70,Terminated,2015,2021.0,Usman Bhatti,26-35,1,Yes
11344,Legal,Legal Counsel,Female,34,Islamabad,2012-10-28,,,79816,3,0,,Masters,11026.0,155,Active,2012,,Usman Iftikhar,26-35,3,Yes
11345,Marketing,Marketing Manager,Male,32,Karachi,2022-08-31,,,67841,4,0,,Bachelors,11453.0,35,Active,2022,,Fatima Zafar,26-35,2,Yes
11346,Customer Success,CS Associate,Male,30,Islamabad,2014-08-09,,,88738,3,1,2017-10-25,Bachelors,10448.0,133,Active,2014,,Hassan Khan,26-35,3,Yes
11347,Marketing,Marketing Manager,Male,35,Islamabad,2011-07-17,2021-10-18,Voluntary,95271,4,0,,Masters,11033.0,124,Terminated,2011,2021.0,Hassan Khan,26-35,2,Yes
11348,Customer Success,CS Associate,Male,21,Karachi,2022-06-07,,,142754,3,0,,Bachelors,11109.0,38,Active,2022,,Imran Javed,≤25,3,Yes
11349,Operations,Operations Associate,Male,40,Karachi,2014-08-25,2016-10-23,Involuntary,58687,4,2,2016-01-09,Bachelors,,26,Terminated,2014,2016.0,Maria Javed,36-45,2,Yes
11350,HR,Recruiter,Female,21,Karachi,2023-02-25,,,82575,3,1,2026-04-02,Bachelors,11207.0,29,Active,2023,,Mahnoor Qureshi,≤25,3,Yes
11351,Product,Product Manager,Female,21,Multicity,2014-11-05,,,102092,3,0,,Bachelors,10785.0,130,Active,2014,,Sana Nawaz,≤25,3,Yes
11352,Customer Success,CS Manager,Male,33,Lahore,2015-03-24,,,77474,5,0,,Masters,,126,Active,2015,,Adnan Shah,26-35,1,Yes
11353,HR,Recruiter,Female,31,Karachi,2017-05-15,,,66537,2,0,,Bachelors,11292.0,100,Active,2017,,Rabia Aslam,26-35,4,Yes
11354,Product,Product Analyst,Male,27,Karachi,2013-04-23,,,67479,3,0,,Bachelors,11441.0,149,Active,2013,,Adnan Nawaz,26-35,3,Yes
11355,Legal,Legal Counsel,Female,31,Karachi,2023-05-15,,,98601,3,0,,Masters,11036.0,26,Active,2023,,Rabia Shah,26-35,3,Yes
11356,Finance,Finance Manager,Male,33,Karachi,2010-01-24,,,101167,4,0,,Bachelors,10518.0,188,Active,2010,,Zara Anwar,26-35,2,Yes
11357,Marketing,Marketing Manager,Male,30,Karachi,2016-03-21,,,57149,4,1,2017-06-10,Bachelors,10224.0,114,Active,2016,,Amna Yousaf,26-35,2,Yes
11358,Operations,Operations Associate,Male,46,Lahore,2013-03-31,2017-04-15,Involuntary,135610,1,0,,Bachelors,11398.0,49,Terminated,2013,2017.0,Nadia Nawaz,46-55,5,Yes
11359,Marketing,SEO Analyst,Male,32,Lahore,2012-11-30,,,113570,5,0,,Bachelors,11239.0,154,Active,2012,,Rabia Qureshi,26-35,1,Yes
11360,Marketing,SEO Analyst,Male,34,Islamabad,2022-02-12,,,59577,4,1,2027-01-02,Bachelors,10857.0,42,Active,2022,,Salman Iftikhar,26-35,2,Yes
11361,Finance,Accountant,Male,42,Islamabad,2015-08-16,2016-09-06,Voluntary,77800,5,0,,Bachelors,10498.0,12,Terminated,2015,2016.0,Sana Chaudhry,36-45,1,Yes
11362,Product,Product Manager,Male,22,Karachi,2013-11-30,,,66411,4,0,,Bachelors,,142,Active,2013,,Omar Bhatti,≤25,2,Yes
11363,HR,Recruiter,Male,32,Multicity,2012-06-19,,,120202,3,1,2014-02-11,Bachelors,10301.0,159,Active,2012,,Maria Aslam,26-35,3,Yes
11364,Sales,Sales Manager,Female,40,Karachi,2024-10-29,2025-06-17,Voluntary,79064,3,0,,Bachelors,10621.0,7,Terminated,2024,2025.0,Zara Qureshi,36-45,3,Yes
11365,Product,Product Manager,Male,33,Karachi,2010-07-31,,,59138,3,0,,Masters,10438.0,182,Active,2010,,Shahid Malik,26-35,3,Yes
11366,Engineering,QA Engineer,Female,21,Islamabad,2012-12-15,,,111828,2,1,2017-09-11,Bachelors,10139.0,153,Active,2012,,Maria Javed,≤25,4,Yes
11367,Finance,Financial Analyst,Female,40,Karachi,2010-05-02,,,93976,4,0,,Bachelors,10537.0,185,Active,2010,,Usman Raza,36-45,2,Yes
11368,HR,Recruiter,Male,27,Karachi,2018-01-13,,,118490,2,0,,Masters,10921.0,91,Active,2018,,Sana Sheikh,26-35,4,Yes
11369,Marketing,Marketing Specialist,Female,21,Karachi,2015-05-04,,,71956,4,1,2018-08-13,Masters,10322.0,124,Active,2015,,Mahnoor Siddiqui,≤25,2,Yes
11370,Sales,Sales Manager,Male,27,Islamabad,2023-03-17,,,65075,1,2,2024-07-29,Bachelors,10298.0,28,Active,2023,,Adnan Qureshi,26-35,5,Yes
11371,Customer Success,CS Manager,Male,35,Lahore,2017-04-06,,,50089,4,1,2020-03-05,Bachelors,10669.0,101,Active,2017,,Fatima Shah,26-35,2,Yes
11372,Product,Product Analyst,Male,32,Lahore,2010-05-10,,,79525,4,0,,Masters,,185,Active,2010,,Mahnoor Raza,26-35,2,Yes
11373,Marketing,Marketing Manager,Female,32,Karachi,2013-11-28,,,50117,4,0,,Diploma,11262.0,142,Active,2013,,Mahnoor Khan,26-35,2,Yes
11374,Operations,Operations Manager,Female,28,Remote,2015-12-14,,,70668,3,1,2018-03-24,Bachelors,,117,Active,2015,,Ali Sheikh,26-35,3,Yes
11375,Product,Product Manager,Male,47,Karachi,2011-03-06,,,59762,3,1,2014-06-25,Bachelors,11371.0,175,Active,2011,,Sana Hussain,46-55,3,Yes
11376,Operations,Operations Associate,Female,41,Islamabad,2012-11-04,,,109462,4,0,,Masters,10418.0,155,Active,2012,,Ali Malik,36-45,2,Yes
11377,Customer Success,CS Manager,Male,34,Islamabad,2019-06-11,,,77801,3,0,,Bachelors,10690.0,74,Active,2019,,Adnan Qureshi,26-35,3,Yes
11378,Engineering,QA Engineer,Male,43,Lahore,2021-10-19,,,112112,5,0,,Bachelors,10521.0,46,Active,2021,,Hassan Chaudhry,36-45,1,Yes
11379,Marketing,SEO Analyst,Male,32,Lahore,2012-07-20,,,114102,3,0,,Bachelors,10521.0,158,Active,2012,,Sana Khan,26-35,3,Yes
11380,Product,Product Analyst,Female,41,Lahore,2011-06-05,,,59457,3,0,,Bachelors,10875.0,172,Active,2011,,Shahid Shah,36-45,3,Yes
11381,Operations,Operations Manager,Female,30,Lahore,2020-09-06,,,76390,2,0,,Bachelors,10111.0,59,Active,2020,,Adnan Siddiqui,26-35,4,Yes
11382,Engineering,Software Engineer,Male,30,Lahore,2020-01-21,,,72688,4,1,2025-03-21,Masters,11352.0,67,Active,2020,,Hamza Khan,26-35,2,Yes
11383,Marketing,Marketing Specialist,Male,23,Multicity,2018-02-13,,,58043,3,3,2020-06-19,Bachelors,11168.0,90,Active,2018,,Maria Ahmed,≤25,3,Yes
11384,Customer Success,CS Associate,Female,31,Karachi,2021-07-06,,,80708,3,0,,Bachelors,10784.0,49,Active,2021,,Ali Zafar,26-35,3,Yes
11385,Engineering,DevOps Engineer,Male,43,Karachi,2023-04-26,,,100654,4,2,2025-10-29,Masters,10504.0,27,Active,2023,,Fatima Anwar,36-45,2,Yes
11386,Customer Success,CS Manager,Male,25,Islamabad,2012-06-12,,,112558,5,0,,Bachelors,11374.0,159,Active,2012,,Amna Javed,≤25,1,Yes
11387,Sales,Sales Manager,Female,21,Remote,2020-02-20,,,71677,3,1,2021-08-05,Bachelors,10307.0,66,Active,2020,,Zara Zafar,≤25,3,Yes
11388,Customer Success,CS Associate,Female,39,Islamabad,2021-04-20,2022-11-27,Voluntary,78218,4,0,,Bachelors,10701.0,19,Terminated,2021,2022.0,Ali Anwar,36-45,2,Yes
11389,Sales,Account Executive,Male,44,Lahore,2014-12-20,,,81964,3,2,2016-10-10,Masters,11431.0,129,Active,2014,,Maria Aslam,36-45,3,Yes
11390,Operations,Operations Associate,Female,40,Karachi,2023-10-18,,,122082,3,1,2026-03-10,Masters,10777.0,21,Active,2023,,Bilal Zafar,36-45,3,Yes
11391,Marketing,SEO Analyst,Female,35,Islamabad,2010-12-22,,,121138,4,0,,Bachelors,10044.0,177,Active,2010,,Sana Shah,26-35,2,Yes
11392,HR,Recruiter,Male,21,Karachi,2024-10-11,,,83653,3,0,,Bachelors,10713.0,9,Active,2024,,Adnan Bhatti,≤25,3,Yes
11393,Sales,Account Executive,Female,34,Karachi,2021-09-11,2023-01-02,Retirement,109106,4,0,,Bachelors,10074.0,15,Terminated,2021,2023.0,Ayesha Sheikh,26-35,2,Yes
11394,Product,Product Analyst,Male,28,Karachi,2016-10-06,,,90546,2,0,,Masters,10512.0,107,Active,2016,,Hina Hussain,26-35,4,Yes
11395,Engineering,Tech Lead,Male,21,Karachi,2020-04-10,,,98343,3,0,,PhD,10638.0,64,Active,2020,,Imran Farooq,≤25,3,Yes
11396,Engineering,Software Engineer,Male,21,Karachi,2024-06-06,2025-06-06,Involuntary,100950,4,0,,Masters,10590.0,12,Terminated,2024,2025.0,Nadia Siddiqui,≤25,2,Yes
11397,Marketing,SEO Analyst,Female,25,Karachi,2010-09-13,,,87840,2,2,2015-09-11,Bachelors,10551.0,181,Active,2010,,Nadia Khan,≤25,4,Yes
11398,Customer Success,CS Manager,Male,34,Islamabad,2011-05-14,,,83519,3,1,2013-05-14,Bachelors,,173,Active,2011,,Omar Iftikhar,26-35,3,Yes
11399,Sales,Sales Rep,Male,35,Karachi,2020-09-28,,,73508,4,1,2024-07-19,Bachelors,10276.0,58,Active,2020,,Fatima Butt,26-35,2,Yes
11400,Engineering,QA Engineer,Male,28,Karachi,2019-01-04,,,141959,4,0,,Bachelors,10503.0,80,Active,2019,,Nadia Siddiqui,26-35,2,Yes
11401,Finance,Finance Manager,Male,33,Karachi,2019-07-25,,,83521,4,0,,Bachelors,10001.0,73,Active,2019,,Rabia Iftikhar,26-35,2,Yes
11402,Sales,Sales Manager,Female,21,Islamabad,2012-06-03,,,79079,3,0,,Bachelors,11325.0,160,Active,2012,,Adnan Iftikhar,≤25,3,Yes
11403,Product,Product Analyst,Female,35,Lahore,2020-12-30,,,74566,3,1,2023-05-28,Bachelors,11030.0,55,Active,2020,,Omar Siddiqui,26-35,3,Yes
11404,Legal,Legal Counsel,Female,33,Karachi,2019-12-13,,,111078,3,0,,Bachelors,10844.0,68,Active,2019,,Bilal Hussain,26-35,3,Yes
11405,HR,Recruiter,Male,35,Karachi,2011-08-26,,,74470,1,2,2015-02-02,Masters,10921.0,169,Active,2011,,Omar Hussain,26-35,5,Yes
11406,Legal,Legal Counsel,Female,30,Karachi,2011-10-24,,,77663,1,0,,Bachelors,10996.0,167,Active,2011,,Adnan Qureshi,26-35,5,Yes
11407,HR,HR Manager,Male,34,Remote,2017-03-23,,,101706,3,1,2018-07-06,Bachelors,11310.0,101,Active,2017,,Sana Farooq,26-35,3,Yes
11408,Product,Product Analyst,Male,35,Lahore,2023-08-24,,,79345,4,0,,Masters,10602.0,23,Active,2023,,Maria Khan,26-35,2,Yes
11409,Sales,Sales Manager,Female,23,Karachi,2013-04-30,,,114441,4,1,2014-09-15,Bachelors,11037.0,149,Active,2013,,Rabia Qureshi,≤25,2,Yes
11410,Engineering,Software Engineer,Male,35,Islamabad,2011-06-23,,,96709,1,0,,Bachelors,10049.0,171,Active,2011,,Rabia Malik,26-35,5,Yes
11411,Finance,Accountant,Female,40,Lahore,2012-10-30,,,108856,3,3,2014-02-11,Masters,10897.0,155,Active,2012,,Mahnoor Siddiqui,36-45,3,Yes
11412,Customer Success,CS Associate,Female,36,Karachi,2016-03-02,,,111439,4,0,,Bachelors,10314.0,114,Active,2016,,Nadia Hussain,36-45,2,Yes
11413,Product,Product Analyst,Male,35,Islamabad,2024-01-02,,,72565,4,2,2025-10-22,Bachelors,,19,Active,2024,,Maria Siddiqui,26-35,2,Yes
11414,Engineering,QA Engineer,Male,32,Karachi,2024-03-14,2024-04-19,Contract End,92301,2,1,2028-05-22,Bachelors,10310.0,1,Terminated,2024,2024.0,Hassan Butt,26-35,4,Yes
11415,HR,HR Manager,Male,28,Remote,2023-02-17,2023-05-25,Voluntary,88778,1,0,,Masters,10448.0,3,Terminated,2023,2023.0,Hassan Qureshi,26-35,5,Yes
11416,Finance,Financial Analyst,Female,38,Lahore,2022-04-20,2024-12-16,Involuntary,88877,3,0,,Masters,10960.0,32,Terminated,2022,2024.0,Zara Butt,36-45,3,Yes
11417,Product,Product Analyst,Female,34,Lahore,2017-04-17,,,51009,4,0,,Masters,10318.0,100,Active,2017,,Rabia Siddiqui,26-35,2,Yes
11418,Operations,Operations Manager,Female,32,Islamabad,2018-07-18,,,94602,4,0,,Bachelors,11042.0,85,Active,2018,,Zara Shah,26-35,2,Yes
11419,Sales,Sales Manager,Other,42,Karachi,2023-05-26,,,68279,4,0,,Bachelors,11136.0,26,Active,2023,,Imran Butt,36-45,2,Yes
11420,Sales,Sales Rep,Female,26,Karachi,2021-11-25,,,108412,5,0,,Masters,10845.0,44,Active,2021,,Rabia Qureshi,26-35,1,Yes
11421,Customer Success,CS Associate,Female,35,Karachi,2016-08-12,,,73114,4,0,,Diploma,10642.0,109,Active,2016,,Ali Hussain,26-35,2,Yes
11422,Product,Product Manager,Male,40,Remote,2020-03-05,2022-11-29,Contract End,95292,3,1,2023-04-02,Bachelors,11007.0,33,Terminated,2020,2022.0,Ali Qureshi,36-45,3,Yes
11423,Product,Product Analyst,Female,27,Lahore,2021-05-04,,,88456,3,1,2025-10-05,Masters,11224.0,51,Active,2021,,Rabia Qureshi,26-35,3,Yes
11424,Sales,Account Executive,Female,29,Karachi,2023-07-31,,,59741,4,2,2025-06-02,Bachelors,10189.0,24,Active,2023,,Fatima Shah,26-35,2,Yes
11425,Product,Product Manager,Other,23,Karachi,2019-08-26,2021-03-24,Voluntary,94463,4,0,,Masters,,19,Terminated,2019,2021.0,Omar Malik,≤25,2,Yes
11426,Operations,Operations Associate,Male,31,Remote,2012-03-23,,,113579,1,0,,Bachelors,,162,Active,2012,,Zara Farooq,26-35,5,Yes
11427,Operations,Operations Associate,Female,26,Remote,2012-07-26,,,91998,3,1,2015-01-24,Bachelors,11077.0,158,Active,2012,,Usman Farooq,26-35,3,Yes
11428,Engineering,DevOps Engineer,Male,29,Karachi,2024-09-07,,,90049,3,0,,Masters,10196.0,10,Active,2024,,Sana Iftikhar,26-35,3,Yes
11429,Finance,Financial Analyst,Female,33,Karachi,2024-08-07,,,77482,4,1,2029-06-30,Bachelors,11042.0,11,Active,2024,,Omar Anwar,26-35,2,Yes
11430,Sales,Sales Manager,Female,33,Lahore,2022-05-14,,,78134,3,1,2025-02-05,Masters,10944.0,39,Active,2022,,Nadia Chaudhry,26-35,3,Yes
11431,Engineering,Senior Engineer,Male,40,Karachi,2014-10-28,,,65827,2,0,,Diploma,11480.0,131,Active,2014,,Bilal Nawaz,36-45,4,Yes
11432,Engineering,Tech Lead,Female,41,Lahore,2019-08-25,,,136987,3,1,2021-05-02,Diploma,11375.0,72,Active,2019,,Zara Farooq,36-45,3,Yes
11433,Marketing,Marketing Manager,Male,28,Islamabad,2020-02-17,,,66872,4,0,,Bachelors,10706.0,66,Active,2020,,Amna Qureshi,26-35,2,Yes
11434,Engineering,Software Engineer,Female,35,Remote,2015-02-15,,,83905,4,2,2018-09-21,Masters,11452.0,127,Active,2015,,Hassan Ahmed,26-35,2,Yes
11435,Legal,Legal Counsel,Male,35,Karachi,2019-04-13,,,115676,3,0,,Bachelors,,76,Active,2019,,Amna Bhatti,26-35,3,Yes
11436,Marketing,Marketing Manager,Male,37,Remote,2017-08-08,2020-06-29,Voluntary,109584,3,1,2020-06-23,Bachelors,10491.0,35,Terminated,2017,2020.0,Omar Butt,36-45,3,Yes
11437,Marketing,SEO Analyst,Female,37,Remote,2020-03-04,,,98998,3,0,,Masters,11456.0,65,Active,2020,,Ayesha Chaudhry,36-45,3,Yes
11438,Sales,Sales Manager,Male,23,Karachi,2018-12-11,,,111078,4,1,2022-10-02,Bachelors,11393.0,80,Active,2018,,Shahid Butt,≤25,2,Yes
11439,Operations,Operations Manager,Male,24,Remote,2019-05-01,,,95716,4,1,2023-10-05,Bachelors,11497.0,76,Active,2019,,Rabia Iftikhar,≤25,2,Yes
11440,Customer Success,CS Associate,Female,32,Lahore,2012-02-18,,,58105,5,1,2015-09-09,Bachelors,10834.0,163,Active,2012,,Bilal Siddiqui,26-35,1,Yes
11441,Marketing,Marketing Specialist,Male,35,Remote,2017-01-04,,,78442,5,0,,Masters,10645.0,104,Active,2017,,Bilal Aslam,26-35,1,Yes
11442,Customer Success,CS Manager,Male,24,Karachi,2019-07-29,,,103510,1,0,,Bachelors,,73,Active,2019,,Zara Nawaz,≤25,5,Yes
11443,Sales,Account Executive,Male,38,Karachi,2017-01-04,,,123548,4,1,2019-05-08,Bachelors,10155.0,104,Active,2017,,Imran Javed,36-45,2,Yes
11444,Customer Success,CS Associate,Male,21,Remote,2024-12-01,,,66116,1,1,2030-01-09,Masters,10627.0,8,Active,2024,,Maria Siddiqui,≤25,5,Yes
11445,Customer Success,CS Manager,Male,26,Lahore,2015-09-20,,,62950,3,0,,Masters,10796.0,120,Active,2015,,Adnan Ahmed,26-35,3,Yes
11446,Marketing,SEO Analyst,Male,35,Islamabad,2018-05-25,2023-04-18,Voluntary,86251,4,0,,Diploma,10265.0,59,Terminated,2018,2023.0,Hina Bhatti,26-35,2,Yes
11447,Product,Product Analyst,Male,37,Karachi,2013-06-04,,,95312,2,0,,Bachelors,10740.0,148,Active,2013,,Salman Anwar,36-45,4,Yes
11448,Engineering,Tech Lead,Male,32,Lahore,2020-08-21,,,109782,2,1,2022-07-05,Masters,10006.0,60,Active,2020,,Salman Aslam,26-35,4,Yes
11449,Product,Product Manager,Female,26,Islamabad,2011-07-04,,,78187,5,0,,Bachelors,10248.0,171,Active,2011,,Amna Butt,26-35,1,Yes
11450,Finance,Finance Manager,Male,31,Karachi,2012-01-18,,,71744,3,1,2013-07-06,Bachelors,10361.0,164,Active,2012,,Maria Anwar,26-35,3,Yes
11451,HR,HR Specialist,Male,35,Karachi,2011-12-01,2013-12-07,Contract End,72043,2,0,,Bachelors,11412.0,24,Terminated,2011,2013.0,Ayesha Khan,26-35,4,Yes
11452,Marketing,SEO Analyst,Other,42,Islamabad,2012-02-03,,,64776,3,0,,Bachelors,10212.0,164,Active,2012,,Fatima Qureshi,36-45,3,Yes
11453,Customer Success,CS Associate,Male,41,Karachi,2019-09-08,,,112886,4,0,,Masters,10464.0,71,Active,2019,,Bilal Khan,36-45,2,Yes
11454,Customer Success,CS Associate,Female,39,Lahore,2012-03-02,,,87789,3,0,,Masters,10385.0,163,Active,2012,,Salman Khan,36-45,3,Yes
11455,Engineering,Tech Lead,Male,36,Islamabad,2018-05-11,,,82431,3,1,2023-07-24,Masters,,87,Active,2018,,Salman Anwar,36-45,3,Yes
11456,Legal,Legal Counsel,Male,38,Karachi,2012-12-01,,,77248,4,0,,Bachelors,11133.0,154,Active,2012,,Salman Hussain,36-45,2,Yes
11457,Product,Product Analyst,Male,33,Remote,2022-06-24,,,91739,4,0,,Bachelors,10871.0,37,Active,2022,,Mahnoor Javed,26-35,2,Yes
11458,Sales,Sales Rep,Male,25,Karachi,2011-05-07,,,128904,2,0,,Bachelors,10313.0,173,Active,2011,,Usman Chaudhry,≤25,4,Yes
11459,Sales,Account Executive,Female,40,Multicity,2023-02-26,,,74531,3,2,2028-04-17,Bachelors,10583.0,29,Active,2023,,Adnan Bhatti,36-45,3,Yes
11460,Sales,Sales Manager,Male,35,Karachi,2022-08-06,,,101686,3,0,,Bachelors,10541.0,36,Active,2022,,Maria Javed,26-35,3,Yes
11461,Customer Success,CS Associate,Female,32,Karachi,2022-08-07,,,85245,4,1,2024-11-23,Bachelors,11126.0,36,Active,2022,,Ali Siddiqui,26-35,2,Yes
11462,Customer Success,CS Manager,Female,26,Lahore,2017-05-24,,,107458,4,1,2020-01-22,PhD,10205.0,99,Active,2017,,Omar Khan,26-35,2,Yes
11463,Product,Product Manager,Male,43,Remote,2012-09-28,2020-04-19,Voluntary,61478,2,0,,Bachelors,,92,Terminated,2012,2020.0,Hassan Siddiqui,36-45,4,Yes
11464,Marketing,Marketing Specialist,Female,29,Karachi,2019-03-20,,,103108,3,0,,Bachelors,11149.0,77,Active,2019,,Usman Bhatti,26-35,3,Yes
11465,Product,Product Manager,Male,44,Karachi,2017-12-06,,,57842,3,0,,Masters,10034.0,93,Active,2017,,Zara Shah,36-45,3,Yes
11466,Finance,Finance Manager,Female,38,Karachi,2024-12-03,,,78587,4,1,2028-10-11,Bachelors,11395.0,8,Active,2024,,Imran Hussain,36-45,2,Yes
11467,Marketing,SEO Analyst,Female,38,Islamabad,2019-06-27,,,65416,3,2,2021-10-26,Bachelors,11365.0,74,Active,2019,,Hassan Hussain,36-45,3,Yes
11468,HR,HR Manager,Male,30,Karachi,2011-02-26,,,96392,3,2,2015-05-25,Bachelors,10255.0,175,Active,2011,,Hassan Chaudhry,26-35,3,Yes
11469,Operations,Operations Manager,Female,28,Lahore,2016-06-14,,,84016,3,0,,Bachelors,10262.0,111,Active,2016,,Ayesha Chaudhry,26-35,3,Yes
11470,Marketing,Marketing Manager,Female,29,Multicity,2023-06-20,,,113307,4,0,,Bachelors,10095.0,25,Active,2023,,Fatima Aslam,26-35,2,Yes
11471,Customer Success,CS Associate,Male,24,Karachi,2017-01-03,,,126411,3,0,,Masters,11425.0,104,Active,2017,,Nadia Zafar,≤25,3,Yes
11472,Engineering,Software Engineer,Male,30,Lahore,2017-11-20,2025-03-27,Involuntary,96557,4,0,,Bachelors,11350.0,89,Terminated,2017,2025.0,Usman Shah,26-35,2,Yes
11473,Marketing,SEO Analyst,Male,34,Karachi,2012-04-28,,,70309,3,1,2015-04-21,Bachelors,11356.0,161,Active,2012,,Hina Shah,26-35,3,Yes
11474,Sales,Account Executive,Female,31,Lahore,2022-12-18,,,113862,3,1,2024-11-06,Bachelors,10122.0,31,Active,2022,,Shahid Shah,26-35,3,Yes
11475,Customer Success,CS Associate,Male,29,Karachi,2021-05-19,,,68403,3,0,,Bachelors,10969.0,51,Active,2021,,Hina Shah,26-35,3,Yes
11476,Customer Success,CS Manager,Female,31,Karachi,2014-10-09,,,77784,3,0,,Masters,10976.0,131,Active,2014,,Salman Siddiqui,26-35,3,Yes
11477,Product,Product Analyst,Male,32,Karachi,2013-06-21,,,93162,1,1,2015-10-14,Masters,11129.0,147,Active,2013,,Rabia Bhatti,26-35,5,Yes
11478,Finance,Financial Analyst,Male,35,Islamabad,2024-09-23,,,116204,4,1,2027-04-02,Masters,10635.0,10,Active,2024,,Bilal Malik,26-35,2,Yes
11479,Customer Success,CS Manager,Male,44,Multicity,2020-10-25,2022-06-26,Voluntary,116234,3,0,,Diploma,,20,Terminated,2020,2022.0,Salman Ahmed,36-45,3,Yes
11480,Legal,Legal Counsel,Female,27,Multicity,2015-01-12,2015-05-02,Voluntary,76604,4,1,2019-02-19,Bachelors,10985.0,3,Terminated,2015,2015.0,Adnan Iftikhar,26-35,2,Yes
11481,Engineering,Software Engineer,Female,24,Islamabad,2012-06-05,,,100449,4,3,2014-12-13,Bachelors,11371.0,160,Active,2012,,Salman Chaudhry,≤25,2,Yes
11482,Customer Success,CS Associate,Male,29,Lahore,2017-11-08,,,98305,3,0,,Bachelors,10965.0,94,Active,2017,,Hassan Aslam,26-35,3,Yes
11483,Customer Success,CS Associate,Male,33,Lahore,2022-06-23,,,83807,4,0,,Bachelors,10473.0,37,Active,2022,,Adnan Khan,26-35,2,Yes
11484,HR,HR Specialist,Male,31,Lahore,2018-03-31,,,90175,2,0,,Masters,,89,Active,2018,,Hina Siddiqui,26-35,4,Yes
11485,Finance,Financial Analyst,Male,29,Karachi,2012-07-30,,,124525,1,1,2013-08-22,PhD,10574.0,158,Active,2012,,Fatima Butt,26-35,5,Yes
11486,Operations,Operations Manager,Female,35,Karachi,2016-04-01,,,115230,4,0,,Bachelors,11225.0,113,Active,2016,,Ali Ahmed,26-35,2,Yes
11487,Marketing,Marketing Manager,Female,37,Karachi,2022-11-17,,,63682,3,1,2024-10-24,Masters,10013.0,32,Active,2022,,Salman Hussain,36-45,3,Yes
11488,Product,Product Analyst,Female,37,Karachi,2015-01-27,,,82096,3,0,,Bachelors,11178.0,127,Active,2015,,Shahid Zafar,36-45,3,Yes
11489,Sales,Account Executive,Female,28,Remote,2019-08-17,,,31715,3,0,,Bachelors,11284.0,72,Active,2019,,Nadia Yousaf,26-35,3,Yes
11490,Marketing,Marketing Manager,Male,22,Karachi,2022-08-01,,,116296,4,1,2027-09-09,Bachelors,10404.0,36,Active,2022,,Shahid Nawaz,≤25,2,Yes
11491,Engineering,QA Engineer,Male,52,Lahore,2023-12-12,,,88131,1,2,2029-01-05,PhD,11284.0,19,Active,2023,,Hassan Chaudhry,46-55,5,Yes
11492,Customer Success,CS Associate,Female,37,Lahore,2023-10-06,,,122326,4,0,,Bachelors,10350.0,22,Active,2023,,Adnan Hussain,36-45,2,Yes
11493,HR,HR Manager,Male,31,Remote,2024-05-31,,,62513,2,0,,Bachelors,10850.0,14,Active,2024,,Usman Ahmed,26-35,4,Yes
11494,Engineering,Senior Engineer,Female,31,Karachi,2022-06-27,,,112532,4,1,2027-04-13,Bachelors,,37,Active,2022,,Adnan Farooq,26-35,2,Yes
11495,Marketing,Marketing Manager,Female,37,Remote,2010-08-04,2024-01-01,Voluntary,133099,3,0,,Diploma,11251.0,163,Terminated,2010,2024.0,Fatima Nawaz,36-45,3,Yes
11496,Customer Success,CS Associate,Male,27,Karachi,2023-08-29,,,85046,4,0,,Masters,10831.0,23,Active,2023,,Mahnoor Javed,26-35,2,Yes
11497,Sales,Sales Manager,Male,43,Karachi,2024-10-02,,,84336,4,0,,Bachelors,11434.0,10,Active,2024,,Maria Siddiqui,36-45,2,Yes
11498,Marketing,Marketing Specialist,Female,30,Lahore,2015-12-31,,,66832,4,1,2017-10-02,Bachelors,10474.0,116,Active,2015,,Hassan Bhatti,26-35,2,Yes
11499,Customer Success,CS Manager,Female,36,Lahore,2010-08-26,,,37556,4,0,,Bachelors,10694.0,181,Active,2010,,Maria Nawaz,36-45,2,Yes
